Job Title,Job Type,Job Qualifications,Job Experience,Job Location,Job Field,Date Posted,Deadline,Job Description,Application,Company URL,Company Name,Company Logo,Company Industry,Company Founded,Company Type,Company Website,Company Address,Company Details,Job URL,Estimated Deadline,Salary Range
Admin and Finance Officer,Consultancy / Contract,Diploma,1 - 2 Years,Yangon,Administration & Operations,15-Jun-2026,28-Jun-2026,"CASH AND BANK OPERATION- 40% of time • Maintain and record (Petty Cash) both local currency on day-to-day operations and ensure records are accurate/update and properly kept • Ensure all cash payment vouchers are coded correctly, proper approval obtained, all relevant documents are attached and defaced with paid stamp • Prepare petty cash report by categories such as vehicle fuel, vehicle maintenance, office running cost and report to Finance Coordinator (Operations) on a monthly basis • Enter approved expense reports into petty cash book journal Page 1 of 3 • Conduct daily cash count, weekly cash reconciliation and ensure all cash payments are acquitted according to CARE’s financial procedures • Prepare accruals of suppliers’ invoices at year end or project end • Ensure systematic filing system for Petty Cash supporting documents in sequential order, scan and all files are maintained in the secure place (to avoid unauthorized access of documents). • Ensure the timely processing of payments to vendors, partners, and beneficiaries in accordance with CARE’s financial procedures • Assist all staff in understanding and completing cash and financial procedures • Prepare cash advance tracker and circulate to all staff on a weekly basis • Manage the banking process in close consultation with Country Office finance team • Follow up on payment status and ensure timely disbursement of funds. INTERNAL CONTROL AND COMPLIANCE- 30% of time • Ensure that all financial transactions comply wi",MMR.Jobs@care.org,,CARE,,Administration & Operations,,UN Agency,,"Ward (1),
Bahan Township, Yangon, Myanmar",,https://themimu.info/jobs-for-myanmar-nationals,28-Jun-2026,
HR Officer,Full-time,Bachelor's Degree,No Experience Required,Yangon,Human Resources,15-Jun-2026,26-Jun-2026,"Under the supervision of the Deputy HR Coordinator, the HR Officer carries out the Human Resources tasks for Myanmar mission related National HR Managements. Solidarités International No. 69 (A), Kanbawza Street, Golden Valley, Bahan Township, Yangon, Myanmar. SI_JVA_YGN_008_2026",mya.recruitment@solidarites-myanmar.org,,Solidarites International,,Human Resources,,NGO / Non-Profit,,,,https://themimu.info/jobs-for-myanmar-nationals,26-Jun-2026,
Protection Assistant - Response,Full-time,,1 - 2 Years,"Namkham, Northern Shan State",Protection & Social Work,15-Jun-2026,29-Jun-2026,"To contribute to the achievement of DRC protection response program objectives through the implementation of protection activities aimed at promoting the protection for the internally displaced persons (IDPs) and other conflict-affected communities, specifically through effective case management, Cash for protection (C4P+), psychosocial support and crisis counselling in accordance with DRC guidelines and procedures. Responsibilities Case management • Under the management of the Protection Team Leader – and technical supervision of protection officer, be the focal person on case management for DRC in Northern Shan and be overall responsible for the management of cases including identification, assessment, planning, implementation including psycho- social support, review and follow-up, and closure in accordance with DRC guidelines on case management SOP and defined procedures. • Visit IDP sites and other field locations to identify cases and conduct other steps necessary for case management. • When the participation of other protection assistants on case management is necessary, support and coordinate the case intake and other steps taken by other protection assistants. • With the support of Protection Officer (CM) – Case Management, facilitate regular case reviews one- on-one in addition to case conferences with the protection team and to review case needs are analysed through a holistic approach, using DRC psychosocial support tools for each individual case. • Review deadline",zar.win1@drc.ngo,,DRC,,Protection & Social Work,1956,INGO,,,,https://themimu.info/jobs-for-myanmar-nationals,29-Jun-2026,
Civil Engineering Specialist,Full-time,Bachelor's Degree,,"Yangon, Myanmar (50% Travel to Project Sites)",Engineering & Construction,15-Jun-2026,30-Jun-2026,"Duty Station: Yangon, Myanmar (50% Travel to Project Sites) About ADRA Myanmar: ADRA Myanmar is an ‘implementing office’ within the ADRA network and a recognized NGO in Myanmar. Established in 1984, ADRA Myanmar is one of the oldest country offices in ADRA providing development and relief assistance opportunities throughout the country. ADRA Myanmar operates under multi sectors that cater to Education, Food Security & Livelihoods, Health, Nutrition, WASH and Humanitarian actions. Position Summary: ADRA Myanmar implements a diverse range of infrastructure interventions as part of its humanitarian and development programming. These interventions include water supply systems, sanitation facilities, shelters, community infrastructure, and productive assets that contribute to livelihoods, resilience, disaster preparedness, and sustainable development. The Civil Engineering Specialist (WASH & Infrastructure) is responsible for providing technical leadership in the design, implementation, supervision, monitoring, and quality assurance of infrastructure projects and support the Programs team. The incumbent will ensure that all engineering interventions are technically sound, cost-effective, environmentally sustainable, and compliant with donor requirements, national regulations, humanitarian standards, and ADRA policies. The position also supports procurement evaluation, contractor evaluation, technical capacity building, and coordination with authorities, communities, donors, and pa",recruitment@adramyanmar.org,,ADRA Myanmar,,Engineering & Construction,1984,NGO / Non-Profit,,,,https://themimu.info/jobs-for-myanmar-nationals,30-Jun-2026,
Consultant-Training Coordinator for Building Resilience Project,Consultancy / Contract,Bachelor's Degree,,Yangon,Education & Training,15-Jun-2026,21-Jun-2026,"records of all training activities, supporting partners to produce high quality training reports, monitoring of activities and supporting data collection. The programme is implementing a response that includes supporting local partners and their staff to develop sustainable approaches to providing humanitarian assistance. This includes an investment in skills training to further strengthen Myanmar civil society on ‘person-centred’ and ‘trauma-informed’ approaches to manage staff stress and trauma, and community-based resiliency training. This increased understanding will also minimise the potential for harm and/or the re- traumatisation of people and communities. In line with this, CA is looking to engage a co-ordinator to work closely with partners and Christian Aid staff to ensure the Period: 6 month contract (1st July 2026 – 31st December 2026) Objective and Scope: Under the supervision of the Programme Manager (Christian Aid), and the Project focal Point in Chrisitan Aid Myanmar, the Training Coordinator will work closely with the wider CA Myanmar team, Tearfund Myanmar team, CRM trainers, and partner organisations to coordinate, support, and ensure the quality and documentation of CRM training rollout and learning processes during Stage 3 of the project. Christian Aid is a key member of ACT Alliance. Eng and Wales registered charity no. 1105851 Scot charity no. SC039150 Company no. 5171525 Christian Aid Ireland: NI charity no. NIC101631 Company no. NI059154 and ROI chari",JPang@christian-aid.org,,CAM,,Education & Training,,Private Sector,,,,https://themimu.info/jobs-for-myanmar-nationals,21-Jun-2026,
Individual Consultant - Data Analytics Support,Consultancy / Contract,Bachelor's Degree,,"Yangon,Myanmar",Research & Data,15-Jun-2026,29-Jun-2026,"Supervisory arrangements: The Individual Consultant shall perform the tasks under the overall authority of the Regional Director of the UNESCO Regional Office in Bangkok and Office for UN Coordination in Asia and the Pacific, and the direct supervision of the Head of the UNESCO Project Antenna Office in Yangon, working closely with the UNESCO Education Team. The Individual consultant’s responsibilities include the following: 3.1. Assist in the analysis of household survey datasets, including data organization, data analysis, and preparation of statistical tables and visualizations. 3.2. Conduct desk reviews and background research on Myanmar’s education sector, including education access, participation, continuity, equity, vulnerability, service delivery, and crisis- related barriers to learning. This includes the identification, synthesis, and summarization of relevant literature, policy documents, and research findings. 3.3. Support the conceptualization and development of analytical frameworks for education assessments and analysis to be conducted by UNESCO, including indicator mapping, data source mapping, methodological documentation, and preparation of technical background materials. 3.4. Contribute to the preparation of research reports, presentations, briefing notes, and other knowledge products arising from the analysis and survey activities. 3.5. Assist in data documentation, quality assurance, and coordination with project team members and partners as required.",yangon@unesco.org,,UNESCO,,Research & Data,,UN Agency,,"2026
Parent Sector: UNESCO Project Antenna Office in Yangon",,https://themimu.info/jobs-for-myanmar-nationals,29-Jun-2026,
Demand Generator (Magway),Part-time,A-Levels / High School,,Magway,Healthcare & Medicine,15-Jun-2026,29-Jun-2026,"• Identify and engage women of reproductive age who need family planning services through community outreach and household visits. • Generate demand by providing accurate information about available family planning options and services. • Use appropriate visual materials, and promotional pamphlets to effectively communicate key messages on family planning. • Refer eligible women to designated GP clinics for appropriate family planning counseling and services. • Conduct door-to-door or on-site surveys, interviews, and observations using approved tools (paper or digital) as necessary. • Upload or submit collected data promptly in accordance with project timelines. • Record daily activities, referrals, and updates in the required formats and submit timely reports to the direct supervisor. • Ensure all collected data is accurate, complete, and handled with strict confidentiality. • Travel to assigned field locations, including remote or hard-to-reach areas, as needed. • Perform other tasks assigned by direct supervisor. Qualifications/Requirements: ▪ Minimum high school education: background in community health or social work is an advantage. ▪ Proficient in using smartphones, tablets, and GPS devices for data collection. No.10 (B-1), Thukhawaddy Street, Ward 6, Yankin Township, Yangon, Myanmar. DKT International Inc. (Myanmar Branch) ▪ Strong communication and interpersonal skills, with the ability to engage respectfully with diverse respondents. ▪ Fluency in Burmese is essentia",hro@dktmyanmar.org,,DKT Myanmar,,Healthcare & Medicine,,UN Agency,,"Ward 6, Yankin Township, Yangon, Myanmar",,https://themimu.info/jobs-for-myanmar-nationals,29-Jun-2026,
Demand Generator,Part-time,A-Levels / High School,,Mon,Healthcare & Medicine,15-Jun-2026,29-Jun-2026,"• Identify and engage women of reproductive age who need family planning services through community outreach and household visits. • Generate demand by providing accurate information about available family planning options and services. • Use appropriate visual materials, and promotional pamphlets to effectively communicate key messages on family planning. • Refer eligible women to designated GP clinics for appropriate family planning counseling and services. • Conduct door-to-door or on-site surveys, interviews, and observations using approved tools (paper or digital) as necessary. • Upload or submit collected data promptly in accordance with project timelines. • Record daily activities, referrals, and updates in the required formats and submit timely reports to the direct supervisor. • Ensure all collected data is accurate, complete, and handled with strict confidentiality. • Travel to assigned field locations, including remote or hard-to-reach areas, as needed. • Perform other tasks assigned by direct supervisor. Qualifications/Requirements: ▪ Minimum high school education: background in community health or social work is an advantage. ▪ Proficient in using smartphones, tablets, and GPS devices for data collection. No.10 (B-1), Thukhawaddy Street, Ward 6, Yankin Township, Yangon, Myanmar. DKT International Inc. (Myanmar Branch) ▪ Strong communication and interpersonal skills, with the ability to engage respectfully with diverse respondents. ▪ Fluency in Burmese is essentia",hro@dktmyanmar.org,,DKT Myanmar,,Healthcare & Medicine,,UN Agency,,"Ward 6, Yankin Township, Yangon, Myanmar",,https://themimu.info/jobs-for-myanmar-nationals,29-Jun-2026,
Demand Generator,Part-time,A-Levels / High School,,Mandalay,Healthcare & Medicine,15-Jun-2026,29-Jun-2026,"• Identify and engage women of reproductive age who need family planning services through community outreach and household visits. • Generate demand by providing accurate information about available family planning options and services. • Use appropriate visual materials, and promotional pamphlets to effectively communicate key messages on family planning. • Refer eligible women to designated GP clinics for appropriate family planning counseling and services. • Conduct door-to-door or on-site surveys, interviews, and observations using approved tools (paper or digital) as necessary. • Upload or submit collected data promptly in accordance with project timelines. • Record daily activities, referrals, and updates in the required formats and submit timely reports to the direct supervisor. • Ensure all collected data is accurate, complete, and handled with strict confidentiality. • Travel to assigned field locations, including remote or hard-to-reach areas, as needed. • Perform other tasks assigned by direct supervisor. Qualifications/Requirements: ▪ Minimum high school education: background in community health or social work is an advantage. ▪ Proficient in using smartphones, tablets, and GPS devices for data collection. No.10 (B-1), Thukhawaddy Street, Ward 6, Yankin Township, Yangon, Myanmar. DKT International Inc. (Myanmar Branch) ▪ Strong communication and interpersonal skills, with the ability to engage respectfully with diverse respondents. ▪ Fluency in Burmese is essentia",hro@dktmyanmar.org,,DKT Myanmar,,Healthcare & Medicine,,UN Agency,,"Ward 6, Yankin Township, Yangon, Myanmar",,https://themimu.info/jobs-for-myanmar-nationals,29-Jun-2026,
Field Officer (Pool PNS Project),Full-time,,,Mandalay,Protection & Social Work,15-Jun-2026,22-Jun-2026,"“Our vision for every child, life in all its fullness; Our prayer for every heart, the will to make it so” World Vision is a Christian, relief, development and advocacy organization working for/ with communities to create lasting change in the lives of children and families living in poverty. Inspired by our Christian values, we are dedicated to work with the world’s most vulnerable people regardless of religion, race, Vacancy Title Field Officer (Pool PNS), Myanmar Earthquake Recovery Program https://worldvision.wd1.myworkdayjobs.com/WorldVisionInternational/job/MandalayMyanmar/Field-Officer--Pool- WV has zero tolerance towards incidents of violence or abuse against children or adults, including sexual exploitation or abuse, committed either by employees or others affiliated with our work. WV is committed to continuous improvement of safeguarding efforts which emphasizes Protection from Sexual Exploitation and Abuse (PSEA) and other forms of violence or harm. We abhor any misuse of power, status, or trusted position for any sexual or other exploitative purposes. Thus, every staff of World Vision is required to adhere to the Code of Conduct and Safeguarding policy which includes World Vision does not tolerate harassment. In alignment with WV’s core value; “We Value People”, WV promotes the culture of dignity, respect and courtesy for everyone. WV is committed to preventing harassment and abuse in Applications received from the WV Careers Website are considered valid and will ",https://worldvision.wd1.myworkdayjobs.com/WorldVisionInternational/job/MandalayMyanmar/Field-Officer--Pool-PNS-Project-_JR50575,,WVIM,,Protection & Social Work,,NGO,,"No. (47), Shwe Taung Kyar Street",,https://themimu.info/jobs-for-myanmar-nationals,22-Jun-2026,
Admin and Finance Assistant,Full-time,Bachelor's Degree,,Mawlamyine (Mon State),Administration & Operations,15-Jun-2026,20-Jun-2026,"MTSTM Organization is seeking a highly organized, detail-oriented, and proactive Admin and Finance Assistant to support the implementation of the TB/HIV Prevention Project. The position will play a key role in ensuring efficient financial management, administrative coordination, HR-related support, documentation, and operational support for the project. The Admin and Finance Assistant will work closely with the Admin and Finance Officer, coordinate with project staff and field teams, and contribute to accurate financial reporting, compliance, and smooth day-to-day office operations. Key Responsibilities Financial Recordkeeping & Reporting: Assist the Admin and Finance Officer in maintaining accurate records of project expenditure. Systematically review and prepare detailed weekly, monthly, quarterly, and annual budget reports, ensuring accuracy, transparency, and timely submission. Support budget monitoring and reporting processes for the TB/HIV Prevention Project. Compliance & Financial Procedures: Implement financial processes and ensure compliance with MTSTM’s Financial Policies and Procedures. Support internal controls, financial documentation, verification processes, and proper filing of all finance-related documents. Audit & Review Coordination: Support audit, monitoring, donor review, and community review processes to ensure financial integrity and compliance. Assist in preparing and organizing relevant supporting documents for review. Financial and HR Record Managemen",myinttasaytaman2019@gmail.com,https://myinttasaytaman.org/,MTSTM,,Administration & Operations,,,https://myinttasaytaman.org/,"No. (14), Hnin Si Street",,https://themimu.info/jobs-for-myanmar-nationals,20-Jun-2026,
Protection Officer- Prevention,Full-time,,1 - 2 Years,"Namkham, Northern Shan State",Protection & Social Work,15-Jun-2026,29-Jun-2026,"The protection officer is mainly responsible for the prevention and community-based protection activity/ with DRC direct implementing and provide technical supervision of protection assistant under the guidance and direct supervision of General Protection Team Leader. The role is to ensure the quality of Community-based Protection (CBP), Group Cash Transfer (GCT) and working with communities at risk of displacement and with other affected to make CBP and GCT and protection prevention effectively including capacity of partners and CSOs. Responsibilities Community Based Protection – technical • Lead capacity building and technical supervision of CBP implementation the whole process of CBP (community consultations and discussions, CBP introduction, selection process of CBPG members, training to CBPG on protection risk analysis, developing and implementation of Community Action Plan (CAP) in accordance with CBP approaches and CBP SoP. • Support capacity development through training and coaching CBPG members in supporting the community in the identification and understanding of protection risks and problems and prioritizing key protection risks in addressing through CAP as per SoP and guidance. • Support protection assistants to be friendly with CBP tools and carry out the activities per CBP SoP and data protection guidelines. • Submit internal bi-weekly protection reports/trackers in English to Protection Team Leader; these reports should summarize activities carried out by the P",https://candidate.hr-manager.net/ApplicationInit.aspx?cid=1036&amp;ProjectId=176192&amp;DepartmentId=19153&amp;MediaId=5,,DRC,,Protection & Social Work,1956,INGO,,,,https://themimu.info/jobs-for-myanmar-nationals,29-Jun-2026,
GEDSI Consultant,Consultancy / Contract,Bachelor's Degree,,Yangon/Ayeyarwady,Marketing & Communications,02-Jun-2026,23-Jun-2026,"Mercy Corps is seeking a service provider or experienced national consultant to conduct a rigorous Gender Equality, Disability and Social Inclusion (GEDSI) analysis to contribute to achieving gender-transformative outcomes for the WAVES Program in the Ayeyarwady Delta, Myanmar. The analysis will map differentiated needs, risks, and power dynamics across target groups — including women, girls, persons with disabilities, youth, ethnic minorities, and landless households — examining gender roles, social norms, and exclusion mechanisms that shape access to natural resources, livelihoods, and decision-making. The consultant will assess barriers and enablers to equitable participation in coastal resource governance and value chains, identify GEDSI risks across all WAVES outputs, and generate evidence-based recommendations to mainstream GEDSI across the full project cycle. Key outputs include a comprehensive GEDSI Action Plan aligned with the WAVES logframe, Mercy Corps’ GESI Integration Toolkit and OCEAN GEDSI Empowering standards, and a participatory Sensemaking Workshop to validate findings and co-design priority actions — building local ownership of gender-transformative programming from project inception. Consultant Activities: The service provider or consultant will utilize Mercy Corps’ Gender Equality and Social Inclusion (GESI) Integration Toolkit and OCEAN GEDSI Guidance, specifically its GEDSI Analysis Framework, which examines six domains, intersectional factors, and powe",ppaing@mercycorps.org,,Mercy Corps,,Marketing & Communications,,Private Sector,,,,https://themimu.info/jobs-for-myanmar-nationals,23-Jun-2026,
HR & Admin Coordinator,Full-time,,,Yangon,Human Resources,15-Jun-2026,26-Jun-2026,"The Human Resources & Administration Coordinator oversees critical issues related to employment, compensation, labor negotiations, and employee relations. To ensure efficient operations, the coordinator performs a substantial amount of research, data analysis, and reporting as it relates to employee productivity. This role effectively balances strategic HR functions with comprehensive administrative oversight to support organizational objectives, foster a productive work environment, and maintain strict regulatory compliance. Key Responsibilities Human Resources • Ensure all staff have clear, standardized job descriptions and work together with supervisors to identify training and development needs and help organize and explore opportunities for capacity development for employees; • Administer in reviewing, updating, developing and introducing policies; ensure that employees are aware of existing policies and procedures and abide by those policies; • Organize and conduct staff orientation; review and revise orientation/induction package. No. 27, Thuta 1st Street, Ward (4), South Okkalapa Township, Yangon, Myanmar. Tel: +95(9) 404455112 Email: Info@kantkaw.com Website: www.kantkaw.com Kant Kaw Princess Company Limited Registration No 117470660 • In conjunction with finance team, ensure compensation and benefits adhere to the salary scales and standing protocols and payroll is delivered in a timely manner; • Coordinate with the Finance Team on SSB, insurance, and employee benef",Info@kantkaw.com,,KKEC,,Human Resources,,Private Sector,,"No. 27, Thuta 1st Street",,https://themimu.info/jobs-for-myanmar-nationals,26-Jun-2026,
Finance Manager,Full-time,,,Kalemyo & Mandalay,Finance & Accounting,14-Jun-2026,20-Jun-2026,"1)Perform comprehensive evaluations of all expenses associated with funding to verify that they are justifiable, appropriately distributed, and entirely in accordance with grant regulations. 2)Guarantee the prompt and precise preparation and submission of financial reports to donors on a monthly, quarterly, bi-annual, and annual schedule with the enthusiasm work with finance officers and associates 3)Conduct regular assessments of grant expenditures to aid management in decision- making, which includes tracking burn rates for grants and special initiatives. 4)It is essential that all financial reports related to grants are prepared in compliance with the requirements set by donors, communicated effectively, and formally reviewed in collaboration with the donors. 5)Maintain an effective funding monitoring system and ensure that relevant information is consistently updated and shared with stakeholders. 6)Offer direction regarding supplier prerequisites associated with the programs and work in close partnership with the procurement department to guarantee compliance with our Procurement & Financial policy. 7)Serves as the main liaison for all issues related to financial reporting. 8)Supervise and track all payments made to program personnel while ensuring compliance with approved budgets and contractual agreements. 9)Engage in pre-audit activities related to donor contracts and assist in managing audit obligations in collaboration with the Board of Directors and the Director. 10",mmrecruitinfo@gmail.com,,****,,Finance & Accounting,,,,1 for Kalemyo and another 1 for Mandalay,,https://themimu.info/jobs-for-myanmar-nationals,20-Jun-2026,
WASH Expert,Consultancy / Contract,Bachelor's Degree,3 - 5 Years,Meiktila,Healthcare & Medicine,13-Jun-2026,26-Jun-2026,"The WASH Expert provides technical leadership and advisory support for water, sanitation and hygiene (WASH) programming across Welthungerhilfe Myanmar projects. The position ensures the technical quality, relevance, and sustainability of WASH interventions throughout the country programme. The WASH Expert supports project teams and partners in designing, implementing, and monitoring WASH activities that comply with WHH standards, national policies, and donor requirements . The role contributes to strengthening WHH’s profile as a competent and innovative WASH actor in Myanmar , promoting climate -resilient water supply systems, sustainable sanitation solutions, and inclusive hygiene promotion approaches. The WASH Expert also facilitates cross - sector integration with food systems, nutrition, climate resilience, and humanitarian programmes. 2. Duties and Areas of Responsibility 2.1. Duties with own area of responsibility Under the guidance of Country Programme Management and in close coordination with relevant technical and operational teams, the WASH Expert contributes to the following areas without holding primary managerial accountability: • Provide technical inputs to proposal development, concept notes, and programme design related to WASH programming. • Lead the development and adaptation of technical guidelines, tools, and quality standards for WASH programming. • Contribute technical inputs to programme and donor reporting related to WASH interventions. • Support progr",hr.mmr@welthungerhilfe.de,,WHH,,Healthcare & Medicine,,Private Sector,,,,https://themimu.info/jobs-for-myanmar-nationals,26-Jun-2026,
Health and Nutrition Specialist,Full-time,Bachelor's Degree,,Yangon,Research & Data,12-Jun-2026,25-Jun-2026,"The Health and Nutrition Specialist will provide technical leadership and support ADRA Myanmar’s Health & Nutrition Programming, Research, M&E strategies and program development. This will include research & analysis; producing reports and visual representations; provision of technical advice; presenting and sharing learnings, conducting Program Management and Business Development. The Health and Nutrition Specialist will support institutional development of ADRA Myanmar in health sector that includes participation in the Health & Nutrition Clusters and Coordination activitities with guidance from Health and Nutrition Coordinator. Duties Program Development and Management: • Assist ADRA Myanmar’s Health program by looking into opportunities for various funding in the health sector. • Ensure that the Health Programs/ Projects are implemented as per the donor- approved proposals. • Coordinate and liaise with partners, donors, and stakeholders as per the program needs. t • Lead the policy dialogue, knowledge exchange and promote operational research and networking. • Lead in the proposal development processes when required and manage projects/ grants as approved. • Works and contributes within the ADRA team structure that guides the formulation and development of the ADRA Myanma’s program strategy and related project portfolio. • Assist in establishing accountability mechanisms and ensure Quality control across all the responsible projects. • Manage tracking grants; developing i",recruitment@adramyanmar.org,,ADRA Myanmar,,Research & Data,1984,NGO / Non-Profit,,,,https://themimu.info/jobs-for-myanmar-nationals,25-Jun-2026,
Project Officer (Finance/Budget),Full-time,Bachelor's Degree,Less than 1 Year,Mandalay,Finance & Accounting,12-Jun-2026,21-Jun-2026,"Validation & Cash Process Support • Validate Purchase Requisitions (PRs), Payment and working advance request (PWARs). • Review payments and ensure supporting documents are properly attached in accordance with financial policies and procedures, Tdh regulation, donor guidelines, and audit requirements. • Assist Budget Holders in completing PWARs to ensure accuracy and compliance. Accounting & Reconciliation • Reconcile monthly bank balances and report discrepancies. • Ensure proper electronic filing of partner financial documentation. Treasury Management • Provide proof of payments to relevant stakeholders. • Prepare monthly bank reconciliation for banks in Mandalay and forward for Senior Finance Officer's review. • Prepare and submit weekly treasury requests to Coordination. Finance & Budget Monitoring • Check donor General Ledger (GL) allocations for accurate financial coding and analytical references. VA (Tdh-044-2026) 12th June 2026 Manage the monthly Budget Follow-Up (BFU) process: • Draft 1: Update the GL and compare actual vs. forecasted figures. • Final Version: Prepare the validated final version post-review. • Collaborate with the Senior Finance Officer to facilitate monthly BFU meetings with Budget Holders. Donor Reporting & Monitoring • Provide accurate financial data and inputs for the preparation of donor reports. • Liaise with relevant project teams to ensure compliance with donor financial requirements. Audit & Compliance • Support statutory and donor audits by",https://jobs.tdh.org/en-GB/jobs/internal/8a36cfcd-c905-4029-9c68-5b6ab1948ade,https://www.tdh.org/en,Tdh-L,https://tdh.rokka.io/open_graph/7605d2480a50935a58f361b205f135e7f42dfac8/choix1-un-enfant-badini-sourit-95847.jpg?h=4f6e2068&itok=U2nq7Pnp,Finance & Accounting,1960,UN Agency,https://www.tdh.org/en,,"Hello! Allow us to introduce ourselves As the leading Swiss organisation for children’s rights, created in 1960, the Terre des hommes foundation is committed to protecting children’s lives and their rights, and improving their well-being. We aim to do so through innovative programmes focused on health, migration and access to justice, specially designed to have both short- and long-term impacts. For more than 60 years, we have been working in difficult situations, in countries at war, regions devastated by natural disasters, and places where poverty and malnutrition force millions of children and their families to migrate elsewhere. We provide direct and indirect support to millions of children, their families and communities in around thirty countries every year. Take at look at our vision, mission and values. Vision We all aspire to a world where children's rights, as defined in the UN Convention on the Rights of the Child, are always respected. Because we live in a world where child",https://themimu.info/jobs-for-myanmar-nationals,21-Jun-2026,
Emergency WASH Officer,Volunteer,,1 - 2 Years,Naypyitaw/Yangon (Frequently Travel to Project Area),Healthcare & Medicine,12-Jun-2026,17-Jun-2026,"1. Responsible to conduct implementation of emergency WASH related activities such as Water, sanitation and Hygiene Promotion activities in selected areas which is under management of WASH Manager to ensure the quality and effectiveness, to complete in a timely manner. 2. Supervise and support RCVs for all eWASH related construction and rehabilitation/ renovation works of latrine, tube well, ponds, gravity flow systems and water collection tanks within the emergency projects and take responsibility of the quality of the complete work. 3. Capacity building of staff, RCVs and communities in emergency programs and implementation of WASH activities and provide on the job training to volunteers and conduct regular meetings with the volunteers and communities. 4. Carry out Hygiene Promotion activities in line with relevant standards, code of conduct, and humanitarian principle. 5. Act in a way that is sensitive to gender, protection, the environment and other cross-cutting concerns. ""Person with disability are encouraged to apply this post as they will be given equal opportunity"" ""Our recruitment and selection procedures reflect our commitment to the safety and protection of children, and prevention of violence among communities’ members in our programs"" Humanity, Impartiality, Neutrality, Independence, Voluntary Service, Unity and Universality MRCS-IFRC-EQ-HQ/ Emergency WASH Officer for Health Dept/ NPT/YGN (12/6/26) Page 2 of 6 Myanmar Red Cross Society HR-VA No.053.1 – Emergency",mrcshrrecruitment@redcross.org.mm,,MRCS,,Healthcare & Medicine,,NGO,,"No.42, Strand Road",,https://themimu.info/jobs-for-myanmar-nationals,17-Jun-2026,
Foot Unit Worker,Full-time,,,Hpa-an,Healthcare & Medicine,12-Jun-2026,26-Jun-2026,• အရပခခံြညာအလယ်တနး် အဆင ်ရအာင်ပမင်ပြီးသ မဖစ် ြည်။ • အလာ်းတူလို ်ငန််းအခတွွဲ့အကြံြုရှ ရြည်။ • သတ်မှတထ် ာားခသာ အလုြ်မျာားက ု အြေျန ်မီှ ပြီားစီခအာင်လုြခ် ဆာင်န ုင်စွမ်ားရှ ရမည။် • အခမြေြေံအင်္ဂလ စ် ြာ်းခမ ာန ိုင်သူြ ို ဦ်းစာ်းခ ်းြည်။ • ကြြ်ခမြေနီအခမြေြေံြူ (၇) ြေျြ်၊ မြန်ြာန ိုင်ငံကြြ်ခမြေနီအသင််း၏ ြဟာဗျျူဟာနှင ် စည််းြျဉ််း စည််းြြ််း • ကြြ်ခမြေနီနှင ် လမြေြ််းနီအခမြေြေံြူြျာ်းြ ို နာ်းလည်လြ်ြေံပ ီ်း တြ်ကြွစွာမြြှင ်တင်လ ိုစ တရ် ှ သူ မဖစ်ရ • ကြြ်ခမြေနီနှင ်လမြေြ််းနီလူြှုြရိုဏာလှု ်ရာှ ်းြှုြျာ်းတွင် အခတွွဲ့အကြံြုရှ သူအာ်း ဦ်းစာ်းခ ်းြည။် • အထြ် ါအရညအ် ြေျင််းနှင ်မ ည ်စံိုခသာ ကြြ်ခမြေနီခစတနာလို ်အာ်းရှင်ြျာ်း ခလ ာြ်ထာ်း ါြ • ခလ ာြ်ထာ်းသူြျာ်းအခနမဖင ် မြန်ြာန ိုင်ငံကြြ်ခမြေနီအသင််း၏ ဝန်ထြ််းစည််းြျဉ််း၊ အသင််း၏ ***စ တ်ပ ၀င်စာ်းသူြျာ်းသည် ြ ိုယ်ခ ်း ာဇ၀င်န င် အတူ လ ိုအပ်ခသာအခထာြ်အထာ်း ြတ ှူတ /,mrcshrrecruitment@redcross.org.mm,,MRCS,,Healthcare & Medicine,,,,,,https://themimu.info/jobs-for-myanmar-nationals,26-Jun-2026,
Community Health Officer (Re-advertisement),Full-time,,3 - 5 Years,Rakhine,Healthcare & Medicine,12-Jun-2026,26-Jun-2026,"Community mobilization and participation • Lead community mobilization, sensitization, and facilitation on community participatory community health promotion activities (MNCH, SRH, Nutrition, Wash, Disease prevention and control etc) at community level. • Supervise and train on relevant topics related to community health, CCM, SRHR, and preventive measures to the community volunteers, committees’ members, Health Promoter and SRH Volunteers. • Mobilization of community regarding support of linkages between the community and camp committees/ camp management committees to ensure that all the implementing activities are going smoothly. • Organizing training, capacity building, facilitation and coaching to volunteers and IDP/ village camp committees for community-based activities. • Assist to Sr CHO, health manager, SRH technical Manager and SRH medical team leader in organizing and technical support to community- based volunteers in strengthening community-based services like CCM, CCSAS, family planning services, emergency referral support etc. Strengthening of volunteers’ network • Organizing quarterly volunteer meeting and participating in community-based cluster meeting to make sure the activities are going well as project plan. • Work closely with other sectors such as project leads, Capacity Building Team and Township Health Department on identification of volunteers, preparation and organizing volunteer trainings (initial/ refresher). • To ensure on preparation and distribu",https://theirc.wd1.myworkdayjobs.com/External_Careers/job/Rakhine-State-Myanmar/Community-Health-Officer_JR00003095,https://www.rescue.org/,IRC,https://www.rescue.org/sites/default/files/2022-09/og-image-default.jpeg,Healthcare & Medicine,,UN Agency,https://www.rescue.org/,,"International Rescue Committee Who we are The International Rescue Committee (IRC) works in more than 40 countries and in 30 U.S. cities to help people affected by humanitarian crises to survive, recover and rebuild their lives. Watch our video 4 reasons to give to the IRC What is the IRC The International Rescue Committee responds to the world's worst humanitarian crises, including the conflict in Ukraine and the crisis in Afghanistan . We help to restore health , safety , education , economic wellbeing and power to people devastated by conflict and disaster. And we are proud to fight for a world where women and girls have an equal chance to succeed. Learn more about the IRC’s work from IRC Ambassadors including Rami Malek, Kingsley Ben-Adir, Morena Baccarin, Sepideh Moafi and Ebony Obsidian. To view this video please enable JavaScript, and consider upgrading to a
      web browser that supports HTML5 video The IRC at a glance IRC President David Miliband Senior Staff Board & Advisors",https://themimu.info/jobs-for-myanmar-nationals,26-Jun-2026,
HR Assistant,Part-time,Bachelor's Degree,1 - 2 Years,"Yankin Township, Yangon",Human Resources,12-Jun-2026,17-Jun-2026,"• Serve as primary point of contact for benefit claims, guiding them through the submission process. • Support and assist beneficiaries, answering questions and ensuring they have the correct information and forms. • Liaise and coordinate with the health care committee and finance department. • Collect and enter all claims data, medical reports, and related documentation into the tracking system. • Review all submitted claim forms and invoices. Assist in preparing monthly reports. • Prepare and organize claims documentation for the finance team to process payments and reimbursements. • Maintain and update personnel files and HR databases. • Ensure employee records are complete, accurate, and confidential. • Maintain proper filing systems for HR documents.",https://forms.office.com/Pages/ResponsePage.aspx?id=XmaRkHEuZkazMfwF1n2kC6ckOXcRrK5IgoJx3DVwYKZURU5HUzZaTkoxVUZGQzZQUjlXQjBMRDI4VS4u,,MPG,,Human Resources,,NGO / Non-Profit,,"16, Kantkawmyaing 1st Street",,https://themimu.info/jobs-for-myanmar-nationals,17-Jun-2026,
Housekeeper cum Office Assistant,Full-time,Bachelor's Degree,,Magway Region,Administration & Operations,12-Jun-2026,22-Jun-2026,"HELVETAS Myanmar 2 and training workshops, preparing necessary documentation, photocopying, and distributing materials. စီမ ကိ ုံး လ ြင ုံး မျ ုံးအနက ငအ ထညန ဖ တငွ လ ညုံး နက ငုံး ၊ စီမက ိ ုံး အ ရှိမျ ုံး၏ လ ြင ုံး န င ွက ချက မျ ုံးအ ုံး ြ ေ့ြိ ုံးကညူ ီ အ တကွ လ ည ုံးနက ငုံး FAO၏ ကကီုံးကကြလ မ ုံးည ွှ မ ှုပဖင ေ့ ြူုံးနြေါငုံး ြေါဝငလ ြ န ငန ြုံး မည ။ (ဥြမ -အစည ုံးအနဝုံးမျ ုံး၊ သငတ ုံး မျ ုံးြခိ ေ့ ျ တငွ လိ အြ နသ ြ ေ့ြိ ုံးကူညီမှုမျ ုံးနြုံးပခငုံး နငှ ေ့လိ အြန သ စ ွက စ တမ ုံးမျ ုံးအ ုံး ပြင ငန ြုံးပခငုံး မတိ တူကုံးူ ပခငုံး ၊ စ ွက မျ ုံးထတ န ြုံးပခငုံး ) • Collaborate on and support required office operations under the direct supervision of the Supervisor Supervisor၏လမ ုံးည ွ မ ှုပဖငလ ေ့ ိ အြ နသ ရ ုံး လ ြ င ုံး န င ွက ချက မျ ုံးအ ုံးြူုံးနြေါငုံး ြေါဝငက ူညလီ ြ န ငန ြုံး မည ။",hr.mmr@helvetas.org,,HELVETAS Myanmar,,Administration & Operations,,NGO / Non-Profit,,,,https://themimu.info/jobs-for-myanmar-nationals,22-Jun-2026,
Finance Assistant,Full-time,Bachelor's Degree,1 - 2 Years,Yangon,Finance & Accounting,12-Jun-2026,19-Jun-2026,"Finance Assistant is responsible for the financial management, financial monitoring, capacity building and mentoring and day to day overall finance activities of MYS Network and all other tasks assigned by supervisor. He/she is a key person for supporting role in the overall management implementation. He/she will work as a team with finance officer and overall coaching for finance team. He/she will have regular contact with township project team for financial matters. She/he will play an active role in the development of organization budgets, and manage administrative, financial, reporting, procurement, and logistic functions in a close relationship and coordination with relevant departments such as Admin and HR, Finance, as well as internal department. She/he needs to work closely with project partners in carrying out project activities. The position of Finance Assistant requires a high degree of integrity, professionalism, flexibility and perseverance, as well as the ability to anticipate, identify and resolve problems. No. 7, Room No.202, Moe Kaung Condo, Moe Kaung Road, 13 ward, Yankin Township, Yangon. Phone: 09 405842731, 09 755483477 Email: myanmaryouthstars.mys.mm@gmail.com Facebook:www.facebook.com/MyanmarYouthStars Primary Responsibilities • Assist in the day-to-day financial management of the EpiC project in accordance with the donor requirements, MYS financial policies, and applicable regulations. • Prepare and organize payment vouchers, receipts, invoices, contra",myanmaryouthstars.mys.mm@gmail.com,,MYS,,Finance & Accounting,2012,UN Agency,,18 regions across Myanmar in 2012 and has,,https://themimu.info/jobs-for-myanmar-nationals,19-Jun-2026,
X-Ray Technician (Reannouncement),Full-time,Bachelor's Degree,,"Ayeyarwady, Bago and Tanintharyi Regions",Healthcare & Medicine,12-Jun-2026,26-Jun-2026,"accessories and also assist to Medical Doctor (X Ray). ❖ Estimate and prepare adequate stock of all essential items like X Ray films and other necessary stock requirements as per mobile team schedule. ❖ Assist Medical Doctor (X Ray) to project consumption of X Ray films and necessary stocks as per mobile team schedules in monthly basis and report to Medical Doctor (X Ray). ❖ Assist to Medical Doctor (X Ray) for reporting and recording. ❖ Follow HR rules and regulations of NTP with the direct supervision of TB RO/TL. ❖ Staff may entitle to get other benefits from respective/hiring organization. Requirement Qualification and Skill ❖ B.Med.Tech (or) Certificate in X-Ray Technician Course. ❖ Preferably with at least one year of relevant work experiences. ❖ Must base in regions/states and willing to travel hard to reach sites. ❖ Honest, initiative and strong responsibility. ❖ Ability to work systematically, accurately, independently and under pressure. ❖ Flexibility - ability to work with multi-disciplinary and multi-cultural people, open-minded, good communication skills, ability to listen, diplomacy. ❖ Respect and regard Myanmar Health Assistant Association (MHAA) Policy. Application Instructions Interested candidates can apply through the following link: X-Ray Technician_Dawei, Bago and AYY_End-TB. The deadline for applying is June 30, 2026 Myanmar time. • Application will not be successful if applied position is not mentioned correctly. 2 Myanmar Health Assistant Association (",,,MHAA,,Healthcare & Medicine,,NGO,,94 townships of Myanmar in the areas of disease control,,https://themimu.info/jobs-for-myanmar-nationals,26-Jun-2026,
Project Support Assistant (Daily Paid),Full-time,,,"Mingalartaungnyunt Township, Yangon",Administration & Operations,12-Jun-2026,26-Jun-2026,"Under the direct supervision of the Project Coordinator, the Project Supporting Staff will provide day-to-day support to project implementation. The role includes administrative, financial, logistics, coordination, and basic health support activities, particularly related to TB projects. The staff will assist the Project Coordinator, Finance Assistant, and project team to ensure smooth project operations in accordance with MHAA policies and project guidelines. Key Responsibilities Project & Patient Support ❖ Receive and greet visitors and ensure proper reception services. ❖ Support the distribution of transportation allowance (TA), project support packages to TB patients, and incentives to volunteers in accordance with project guidelines. ❖ Maintain accurate and up-to-date distribution records and submit reports to supervisors. ❖ Support the Project Coordinator in maintaining updated information on TB patients, including treatment outcomes, and provide basic health education on infection control and treatment adherence. Financial Support ❖ Prepare and maintain payment vouchers and required supporting documents for monthly financial reporting. ❖ Receive invoices after goods or services are delivered and verify eligibility for payment. ❖ Prepare payment requests in compliance with financial rules and procedures. ❖ Assist the Finance Assistant in following up on cash disbursement, remittances, and advance settlement. ❖ Support the Project Coordinator and Finance Assistant in mai",,,MHAA,,Administration & Operations,,NGO,,94 townships of Myanmar in the areas of disease control,,https://themimu.info/jobs-for-myanmar-nationals,26-Jun-2026,
Project Coordinator,Full-time,,,"Khayan Township, Yangon",Healthcare & Medicine,12-Jun-2026,26-Jun-2026,"Under the overall guidance of the Project Manager, and in close consultation with the Project Officers, the PC will: Strengthening the referral mechanism ❖ Conduct regular supervision and monitoring visits to CBTBC volunteers/ Field Agents in the respective townships. ❖ Coordinate between TB volunteers and THD/TB teams/ GP/ Pharmacies for the referral of presumptive TB cases for diagnosis and treatment. ❖ Lead and coordinate teleconsultation services in collaboration with private X- ray centers and project medical officers to provide TB services to patients at the office. (PSA) ❖ Ensure that teleconsultation sites are operated in accordance with TB infection control measures. (PSA) ❖ Facilitate laboratory investigations for sputum samples collected and referred from sputum collection centers. (PSA) ❖ Arrange the provision of performance-based incentives for TB volunteers. ❖ Strengthen coordination between TB volunteers and Basic Health Staff (BHS) at the township level. Technical oversight and capacity building ❖ Supervise and provide technical support to TB volunteers on implementing the CBTBC activities ❖ Provide technical support to volunteers on conducting advocacy or health education session conducted at community level ❖ Provide on job training to volunteers for referring the presumptive TB and follow up activities ❖ Provide technical support to volunteers on recording and reporting of the CBTBC activity to respective township health department Cooperation and Coordinat",,,MHAA,,Healthcare & Medicine,,Private Sector,,94 townships of Myanmar in the areas of disease control,,https://themimu.info/jobs-for-myanmar-nationals,26-Jun-2026,
Project Officer,Full-time,,,Field-based Resource-limited Setting,Administration & Operations,12-Jun-2026,26-Jun-2026,"❖ Manage and lead the integrated MNCH project implementation together with Township Project Team. ❖ Assist the design of activities that promote equitable access to the services for marginalized people in the township. ❖ Develop a strategic work plan to implement progressive activities for the effective project implementation in the township. ❖ Organize, support and facilitate regular stakeholder coordination meetings, community meetings and CSO/CBO coordination meetings. ❖ Provide technical support on supervision visits, meetings, training, and action planning for the project staff and volunteers. ❖ Support and assist the development of effective partnerships between health facilities, Community-based Health Workers and Village Health Committees for strengthening emergency referral mechanisms and monitoring the effectiveness of the referral system. ❖ Validate, review and analyze the field team output data monthly in collaboration with M&E Team and Project Manager. ❖ Prepare monthly M&E reports by compiling and/or validating data and providing narrative Technical Progress Report. ❖ Serve as the focal person for managing township inventories and assets. Maintain accurate records, monitor asset utilization, and provide timely updates on stock levels, asset movements, and inventory status. ❖ Ensure the expenditure for all the budget utilization is in line with the budgeted plan. ❖ Monitor the budget utilization and report to the supervisor for the variance process from the appro",,,MHAA,,Administration & Operations,,Private Sector,,94 townships of Myanmar in the areas of disease control,,https://themimu.info/jobs-for-myanmar-nationals,26-Jun-2026,
Assistant M&E Manager,Full-time,Master's Degree,,"Head Quarter, Yangon",Research & Data,12-Jun-2026,26-Jun-2026,"evaluation activities for TB, Malaria and other disease control programs. He/she is responsible for designing, implementing and supervising project M&E activities, and to ensure that lessons-learned are integrated into program implementation to continuously improve quality of interventions and outcomes. Key Responsibilities and Accountabilities ❖ In consultation with the Program Focal Person and central M&E team, support the development and implementation of M&E plans, log frames, indicators, targets, and M&E activities ❖ Support the design, development, and management of data collection tools, methodologies, and database systems in alignment with MHAA’s M&E framework, including development, modification, or redesign of databases as required. ❖ Oversee field-level data management processes, including data collection, data entry, compilation, cleaning, validation, verification, and analysis, to measure program progress and achievements against approved M&E plans. ❖ Monitor project performance against approved targets and indicators, identify implementation gaps and underperforming areas, and develop dashboards, analytical reports, and data visualizations to support program improvement and management decision-making. ❖ Review and verify M&E reports and databases submitted by field teams to ensure high quality, accuracy, and timeliness, including reports required for internal management and donor reporting. ❖ Conduct regular field monitoring visits and Routine Data Quality Asses",,,MHAA,,Research & Data,,NGO,,94 townships of Myanmar in the areas of disease control,,https://themimu.info/jobs-for-myanmar-nationals,26-Jun-2026,
Branch Manager,Full-time,Bachelor's Degree,3 - 5 Years,"Yangon, Mon and Shan",Administration & Operations,12-Jun-2026,28-Jun-2026,"Safeguarding Culture & Reporting o Establish a safeguarding culture across all program levels by implementing the safeguarding policy. o Act as a key source of support, guidance, and expertise on safeguarding to ensure a safe working environment. o Ensure team members are appropriately trained, supported, and have access to resources regarding safeguarding issues, which are identified and actioned in accordance with policy and procedure. o Follow the safeguarding reporting procedure in the event of any reportable incident and encourage others to do the same. Requirements:  Bachelor’s degree in any field.  Minimum 3–5 years of experience in microfinance, banking, or financial services.  Proven experience in team management, branch operations, and client relationship management.  Strong leadership, communication, and interpersonal skills.  Sound understanding of microfinance operations, loan assessment, and financial management.  Ability to analyze performance data and take corrective action.  Compliance with safeguarding policies and internal controls  Accuracy and timeliness of reporting  Basic Microsoft Office skills, Communication skills BRAC is committed to protecting all employees, partners, visitors, clients, and community members including children, youth, and vulnerable adults from any form of harm, abuse, neglect, harassment, or exploitation. We ensure fair assessment for candidates with disabilities and are proud to be an equal opportunity employer. Any pers",recruitment.myanmar@brac.net,,BRAC,,Administration & Operations,2014,NGO,,"70
branches in Yangon",,https://themimu.info/jobs-for-myanmar-nationals,28-Jun-2026,
Finance Officer – Accounting,Full-time,Bachelor's Degree,1 - 2 Years,Yangon,Finance & Accounting,12-Jun-2026,26-Jun-2026,"Transfers and payments • Support the Finance Specialist on ensuring that all payments are made timely and in accordance with existing DRC forms. • Support the Finance Specialist on ensuring that all payments meet requirements of National Law and engage with authorities, tax advisors or other stakeholders to ensure tax requirements are met accordingly. • Support the Finance Specialist on ensuring that all payment documents comply with DRC internal financial procedures and donor regulations. • Support the Finance Specialist on ensuring that proper transfer of funds from DRC HQ in Copenhagen to the country office. Accounting • Ensure all expenses enter the DRC Dynamics in time and of highest quality • Ensure proper filing system for financial documents • Support in payroll costs posting in the system by preparing the excel reports for staff salaries, insurances and income taxes including resource scheduling • Ensure that the Month End Closure is done and the MEC File Annex 1 is completed as per the deadline set. For the monthly account closing ensures that: o All the Inter-company transactions and all the balance sheet balances are settled. o All accruals are settled, and prepayments are amortized. o All other main account balances are settled. • Ensure that tax and Social security, health and PSS insurance are reconciled Accounts Payables • Receives all documents from the respective stakeholder and or Finance Manager. • Review and register the completeness of documents received",https://candidate.hr-manager.net/ApplicationInit.aspx?cid=1036&amp;ProjectId=176182&amp;DepartmentId=19153&amp;MediaId=5,,DRC,,Finance & Accounting,1956,INGO,,,,https://themimu.info/jobs-for-myanmar-nationals,26-Jun-2026,
"Head, Finance",Full-time,Master's Degree,,Yangon,Finance & Accounting,12-Jun-2026,28-Jun-2026,"Safeguarding Culture & Reporting o Establish a safeguarding culture across all program levels by implementing the safeguarding policy. o Act as a key source of support, guidance, and expertise on safeguarding to ensure a safe working environment. o Ensure team members are appropriately trained, supported, and have access to resources regarding safeguarding issues, which are identified and actioned in accordance with policy and procedure. o Follow the safeguarding reporting procedure in the event of any reportable incident and encourage others to do the same. “BRAC is an equal opportunities employer” Competencies Requirements: o A master’s degree in finance, Accounting, or related field is highly desirable o Financial Management: Deep knowledge of financial planning, budgeting, forecasting, treasury management, and fund flow management in a microfinance or NGO context. o Regulatory Framework: Thorough understanding of Myanmar's financial regulations, including Central Bank guidelines, FRD (Financial Regulatory Department) reporting requirements, DICA, and tax laws. o MFI Operations: Strong knowledge of microfinance operations, including loan disbursement mechanisms, portfolio management, and cost recovery models. o Analytical Skills: Ability to apply ratio analysis, variance analysis, and financial modeling to support timely decision-making. o Negotiation: Skill in assisting with agreements and negotiating terms with investors and lenders. o Communication: Excellent written an",recruitment.myanmar@brac.net,,BRAC,,Finance & Accounting,2014,NGO,,,,https://themimu.info/jobs-for-myanmar-nationals,28-Jun-2026,
Program Coordinator,Consultancy / Contract,Master's Degree,Less than 1 Year,"Nay Pyi Taw/ Yangon, Myanmar",Healthcare & Medicine,12-Jun-2026,20-Jun-2026,"The Program Coordinator will support the planning, implementation, monitoring, overall supervision and reporting of assigned projects. The position requires close coordination with project teams, partners, local authorities and direct supervisor to ensure timely and quality project delivery. Key Responsibilities 1. Support project planning, implementation, and day-to-day coordination of program or project activities 2. Monitor project progress against work plan with budget forecast, monthly budget burning rate, outputs, and indicators 3. Prepare monthly activity reports, progress reports, and other documentation as required 4. Prepare cash request and related processes 5. Participate in new project development related to existing projects 6. Conduct field monitoring visits and provide technical support to field teams 7. Regular coordinate with partners focal, local authorities, and community stakeholders 8. Assist in data collection, analysis, and documentation of lessons learned 9. Ensure project activities comply with donor and organizational guidelines 10. Participate and facilitate the partners coordination meetings 11. Close coordination with both field project managers and direct supervisor 12. Perform other related duties assigned by the Program Director 13. To participate as a Procurement Committee Member for overall projects. Required Qualifications and Experience 1. Any Bachelor or Master Degree related to development and project management 2. Minimum 3-5 years of r",hninhninhtwe@mhdo-mm.org,,MHDO,,Healthcare & Medicine,2006,NGO / Non-Profit,,,,https://themimu.info/jobs-for-myanmar-nationals,20-Jun-2026,
Finance Officer,Full-time,,,"Bogale Tsp, Ayeyarwaddy Region",Finance & Accounting,12-Jun-2026,19-Jun-2026,,,,GNI Myanmar,,Finance & Accounting,,,,,,https://themimu.info/jobs-for-myanmar-nationals,19-Jun-2026,
Nurse-Counsellor (Re),Consultancy / Contract,Diploma,1 - 2 Years,"Waingmaw, Kachin State",Healthcare & Medicine,12-Jun-2026,24-Jun-2026,"• Diploma in Nursing or Nursing Degree or B.Comm.H; • 1-2 years working experience in related field; • Fluent in Myanmar and local language, both written and spoken; • Excellent communication and networking (interpersonal) skills; • Willingness to work with drug users and their families; • Some understanding of drug and HIV situation in Myanmar/Kachin area; • Keen interest in contributing to HIV/AIDS responses in Myanmar; • Computer skill in office applications; • To get counselling related technical support from Counselling officer; • To prepare clients for HIV testing so as to ensure proper informed consent; • To give the result of the test to the client while systematically providing him/her with • To refer actively all clients of the HIV Testing and Counselling (HTC) that have tested • To conduct initial psychosocial assessment/counselling for clients to start TB treatment; • To explain the treatment, potential side effects, benefits and complications of TB • To promote adherence of the clients to their TB treatments and to explore and help with • To identify and alert the Medical Coordinator responsible of any medical complications • To give therapeutic education, mental health, supportive and/or follow up counselling to • To execute of all types of counselling sessions in close cooperation with Medical Unit; • To assist in educating staff and community in AHRN-BS services; • To participate in sensitization and community awareness programs; • To participate in regular ca",jobs@ahrnmyanmar.org,,AHRN,,Healthcare & Medicine,,UN Agency,,,,https://themimu.info/jobs-for-myanmar-nationals,24-Jun-2026,
Programme Manager,Consultancy / Contract,Master's Degree,,Yangon,Administration & Operations,11-Jun-2026,25-Jun-2026,"• Programme Implementation, Leadership, & Reporting: Lead implementation of all programmes, ensuring quality, progress, and alignment with strategic goals. • Grants & Budget Management: Oversee and accountable for grant planning and successful implementation within available budget and in compliance with internal and external policies and agreements, budget tracking, and reporting. • Monitoring, Evaluation & Learning (MEAL): Guide research, ensure data quality and support M&E planning, tools, and reporting with MEAL Officer and Global MEAL Lead. 47 (B), Pho Sein Street, Bahan Township, Yangon, Myanmar Telephone: +95 (0) 9895723942 Email: myanmar@turquoisemountain.org Web: www.turquoisemountain.org • Proposal Development: Work closely with the Country Director and other global and Myanmar colleagues and develop proposals that achieve Turquoise Mountain’s mission and vison to support artisans. • Donor Engagement & Fundraising: Support fundraising, liaise with donors, and lead narrative report writing. • People Management: Supervise programme staff, provide guidance, and manage recruitment, performance, and development. • Capacity Building & Project Training: Co-design with relevant teams and colleagues and ensure delivery of all training. • Stakeholder Coordination & Communication: Build strong relationships with internal and external stakeholders, including artisans, authorities, and partners. • Operational & Logistical Support: Work closely with operations team to ensure that",vacancy.mm@turquoisemountain.org,,TM,,Administration & Operations,2016,NGO,,"9
Duty Based: Yangon",,https://themimu.info/jobs-for-myanmar-nationals,25-Jun-2026,
CXR Technician Assistant,Full-time,Bachelor's Degree,,Yangon,Healthcare & Medicine,12-Jun-2026,25-Jun-2026,"• Assist X-ray technician to get good quality X-ray in accordance with national quality standards. • Assist X-ray technician for maintenance of X-ray machine and accessories and also assist to Medical Doctor. • Assist X-ray technician to estimate and prepare adequate stock as per team schedule. • Assist X-ray technician for reporting and recording. • Prepare the clinic attendants for the procedure of CXR examination. • Explain how the procedure works to the clients and ensure that they are comfortable. • Ensure that the client is positioned properly in order to get the best quality x-ray. • Make sure the working environment is clean and hygienic. • Undertake any other duties assigned by supervisor. Term of Agreement: The Contractor will receive the basic daily service payment upon submission of a complete Daily Work Report to the respective Supervisor and payment will be made within 30 days after SCH receives and accepts the report. In addition, the Contractor may be eligible for a performance-based payment, which will be determined based on the verification of achievements against the Monthly or Quarterly Performance Indicator Report and the appraisal and approval of the respective Supervisor. Qualifications and Skills • Be a graduate • Preferably relevant work experiences for 2 years • Must be based in Yangon/Mandalay • Competent in computer skill (MS Excel, Microsoft Office, MS Power-point, etc.) • Must have good communication skill and advocacy skill • Should be organized",https://smrtr.io/zhDd6,,SCH,,Healthcare & Medicine,,NGO / Non-Profit,,"1, Kant Kaw Myaing Street",,https://themimu.info/jobs-for-myanmar-nationals,25-Jun-2026,
Data Assistant,Full-time,Bachelor's Degree,Less than 1 Year,"Bago, Kayin",Healthcare & Medicine,12-Jun-2026,25-Jun-2026,"Sun Community Health is seeking Data Assistant to engage in TB team activities by: 1. Taking responsible for document and report preparation for TB team activities. 2. Assisting Medical Doctor (Team leader) and Medical Assistant for planning and implementing TB team activities in accordance with work plan and to achieve the targeted number of assigned projects. 3. Assisting Medical Doctor (Team Leader) and Medical Assistant to provide Tb services according to guidelines and in line with project objective. 4. Ensure to prepare adequate stock of all essential items as per team schedule. 5. Assisting Medical Doctor (Team Leader) and Medical Assistant for reporting and recording. 6. Conducting health education session and responsible for provision of counselling services for TB and related diseases. 7. Performing any other additional duties as required. Term of Agreement The Contractor will receive the basic daily service payment upon submission of a complete Daily Work Report to the respective Supervisor and payment will be made within 30 days after SCH receives and accepts the report. In addition, the Contractor may be eligible for a performance-based payment, which will be determined based on the verification of achievements against the Monthly or Quarterly Performance Indicator Report and the appraisal and approval of the respective Supervisor. Qualifications and Skills ➢ Any graduate and must have certificate of nurse aid training. ➢ Preferably relevant work experiences for ",https://smrtr.io/zhBTM,,SCH,,Healthcare & Medicine,,NGO / Non-Profit,,"1, Kant Kaw Myaing Street",,https://themimu.info/jobs-for-myanmar-nationals,25-Jun-2026,
Medical Assistant,Full-time,,Less than 1 Year,Kayin,Healthcare & Medicine,12-Jun-2026,25-Jun-2026,"Sun Community Health is seeking Medical Assistant to engage in TB control activities by: 1. Assist Medical Doctor (Team leader) for planning and implementing TB control activities in accordance with work plan and to achieve the targeted number of assigned projects. 2. Assist Medical Doctor (Team Leader) to provide TB services according to guidelines and in line with project objective. 3. Assist Medical Doctor (Team Leader) for project consumption of necessary stocks as per team schedules on monthly basis. 4. Assist Medical Doctor (Team Leader) to organize quarterly review meetings in respective project township and participate in the project review meetings if necessary. 5. Assist Medical Doctor (Team Leader) for reporting and recording. 6. Supervise Data assistant in stock processing, health care waste and disposal management process and data recording process. 7. Conduct health education session together with Data assistant. 8. Take main responsibility for provision of counselling services for TB and related diseases. 9. Take main responsibility for improving the case holding in assigned territories. 10. Perform any other additional duties as required. Term of Agreement The Contractor will receive the basic daily service payment upon submission of a complete Daily Work Report to the respective Supervisor and payment will be made within 30 days after SCH receives and accepts the report. In addition, the Contractor may be eligible for a performance-based payment, which will b",https://smrtr.io/zhBM2,,SCH,,Healthcare & Medicine,,NGO / Non-Profit,,"1, Kant Kaw Myaing Street",,https://themimu.info/jobs-for-myanmar-nationals,25-Jun-2026,
Team Leader,Full-time,,Less than 1 Year,"Yangon, Bago, Ayeyarwaddy",Healthcare & Medicine,12-Jun-2026,25-Jun-2026,"Sun Community Health is seeking Team Leader to engage in TB Control activities by: 1. Co-operate with Sun Providers, health and local administrative authorities and SCH implementation team for planning, implementation, training, management and supervision of TB control activities. 2. Ensure to operate TB team activities in accordance with work plan and to achieve the targeted number of assigned projects. 3. Provide TB services according to guidelines and in line with project objective. 4. Supervise team members during field operation. 5. Take financial accountability and responsibility for team’s activities according to organization rules and regulations. 6. Provide project consumption of necessary stocks as per schedules in monthly basis and report to respective supervisor. 7. Analyze data regularly and take timely, corrective actions. 8. Review, check data and submit reports timely to respective units and supervisors by using standardized format. 9. Organize quarterly review meetings in respective project township and participate in the project review meetings if necessary. 10. Regular monitoring/supportive visit to all assigned Sun clinics in assigned area to distribute social franchising products, to deliver new updated forms, to collect MCRs, financial transaction of provider’s incentive payment, Clinic assistance fees and client’s incentive. 11. Assist Sun providers to meet social franchising and clinical practice minimum criteria 12. Conducting advocacy, area mapping, ",https://smrtr.io/zhBJP,,SCH,,Healthcare & Medicine,,NGO / Non-Profit,,"1, Kant Kaw Myaing Street",,https://themimu.info/jobs-for-myanmar-nationals,25-Jun-2026,
Community Mobilizer,Full-time,Bachelor's Degree,,"Bago, Taungoo",Healthcare & Medicine,12-Jun-2026,25-Jun-2026,"• Monitoring visit to the formal pharmacy channel, the informal ‘druggist’ channel in assigned area to distribute health-related products, to deliver new updated forms, IECs and promos, to collect MCRs, and to provide provider’s incentive payment; • Ensure all SCH distributing health related products are fully stocked and kept under acceptable condition, good expired date, and track to keep reasonable sales and consultation; • Advocate with Sun doctors and/or public/private labs and affiliated X ray centers for case referral • Assist and involve in the awareness-raising activities related to assigned TB project. • Responsible for disseminating technical updated changes to the formal pharmacy channel, the informal ‘druggist’ channel in assigned areas; • Take necessary action/solution concerning issues on the formal pharmacy channel, the informal ‘druggist’ channel and other stakeholders in assigned area and report to supervisor if the issue is not on their decision level; • Check and verify the formal pharmacy channel, the informal ‘druggist’ channel reports and respond back to Community Coordinator/Technical Support Officer concerning errors and problems in reporting; • Assist Community Coordinator/ Technical Support Officer on progress analysis & monitoring of community health service activities, conducting area mapping & auditing for new provider recruitment in the assigned territory; • Assist to conduct refresher training and meeting with the formal pharmacy channel, the i",https://smrtr.io/zhBFQ,,SCH,,Healthcare & Medicine,,NGO / Non-Profit,,"1, Kant Kaw Myaing Street",,https://themimu.info/jobs-for-myanmar-nationals,25-Jun-2026,
Project Coordinator,Full-time,Bachelor's Degree,Less than 1 Year,Yangon,Administration & Operations,12-Jun-2026,25-Jun-2026,"• Act as the main field contact between private clinics, township/district health departments, implementing partners, and the central office. • Coordinate daily project activities across clinics, community sites, and township health departments. • Share schedules, activity plans, and meeting updates with field teams and partners. • Help organize trainings, review meetings, and community outreach events. • Build good working relationships with local health authorities, community groups, and private providers. • Support community-level activities as needed, in line with township health priorities and project goals. • Assist in supervising community activities such as awareness sessions, mobilization, and referrals when required. • Provide basic technical and operational support to ensure smooth field implementation. • Collect service delivery data, activity reports, and monitoring forms from clinics, communities, and township teams. • Check completeness and accuracy of reports before submitting to the central office. • Compile data and activity reports into standard templates and submit on time. • Maintain simple filing systems at township level for reference and audits. • Collect and review drug and supply usage reports from clinics. • Assist in preparing and submitting drug indent requests when stocks are low. • Monitor stock balances at facilities and report risks of shortages or overstock. • Help maintain basic inventory registers and support compliance with stock managemen",https://smrtr.io/zh7Wg,,SCH,,Administration & Operations,,NGO / Non-Profit,,"1, Kant Kaw Myaing Street",,https://themimu.info/jobs-for-myanmar-nationals,25-Jun-2026,
Community Mobilizer,Full-time,Bachelor's Degree,Less than 1 Year,Kathar,Healthcare & Medicine,12-Jun-2026,18-Jun-2026,"The duties and responsibilities of Community Mobilizer include: • Monitoring visit to Community volunteers and/or Auxiliary midwife (AMW) and/or the formal pharmacy channel, the informal ‘druggist’ channel in assigned area to distribute health-related products, to deliver new updated forms, IECs and promos, to collect MCRs, and to provide provider’s incentive payment; • Ensure all SCH distributing health related products are fully stocked and kept under acceptable condition, good expired date, and track to keep reasonable sales and consultation; • Advocate with Sun doctors and/or public/private labs and affiliated X ray centers for case referral • Assist and involve in the awareness-raising activities related to assigned projects such as MNCH/SRHR/Malaria/TB. • Assist and involve in health talk sessions for family care practices on MNCH, Immunization, infant/young child feeding, sanitation, and hygiene including COVID 19 (only for MNCH/SRHR projects) • Distribute clean delivery kit and family newborn kit to pregnant women and first aid kit to the community as needed (only for MNCH/SRHR projects) • Responsible for disseminating technical updated changes to Community volunteers and/or Auxiliary midwives (AMW) and/or the formal pharmacy channel, the informal ‘druggist’ channel in assigned areas; • Take necessary action/solution concerning issues on Community volunteers and/or Auxiliary midwife (AMW) and/or the formal pharmacy channel, the informal ‘druggist’ channel and other st",https://smrtr.io/zhzxG,,SCH,,Healthcare & Medicine,,NGO / Non-Profit,,,,https://themimu.info/jobs-for-myanmar-nationals,18-Jun-2026,
Domestic,Consultancy / Contract,No Formal Qualification Required,,Muse,Healthcare & Medicine,12-Jun-2026,26-Jun-2026,"If you are interested in applying for this position, please submit your Application Letter, Curriculum Vitae (CV), copies of your educational certificates, National ID, Census document, and the contact details of three referees (including your most recent employer) through the link below or to the following address no later than Friday, 26 June 2026. Please note that applications submitted without the above-mentioned documents will not be considered for shortlisting. Lan Pya Kyel Office: Ha Na 209/ Kha, Ho Nar Village Tract, Muse Township, Shan (North) 09 977221053, 09 969906288, 09 250168734 Apply Link : hr@lanpyakyel.org Only short-listed candidates will be invited for relevant tests and/or personal interviews. At Lan Pya Kyel, we believe in the value of diversity and are proud to be an equal opportunity employer. We invite applications from individuals of all backgrounds and experiences, including those of any race, ethnicity, religion, age, gender, sexual orientation, or disability. Lan Pya Kyel is committed to maintaining a workplace free from fraud, corruption, sexual exploitation, harassment, and abuse. Our employees are expected to adhere to the highest standards of integrity and professionalism, as outlined in the Code of Conduct. “Lan Pya Kyel internal staff are encouraged to apply, and will be given equal treatment to external candidates”",hr@lanpyakyel.org,,Lan Pya Kyel,,Healthcare & Medicine,,UN Agency,,,,https://themimu.info/jobs-for-myanmar-nationals,26-Jun-2026,
Intern (Finance),Internship,,Less than 1 Year,Hpa An,Protection & Social Work,12-Jun-2026,16-Jun-2026,"The duties and responsibilities as set out above are not exhaustive and the role holder may be required to carry out additional duties within reasonableness of their level of skills and experience. Equal Opportunities The role holder is required to carry out the duties in accordance with the SCI Equal Opportunities and Diversity policies and procedures. Child Safeguarding: We need to keep children safe so our selection process, which includes rigorous background checks, reflects our commitment to the protection of children from abuse. All staff has an obligation and a responsibility to: • Ensure they fully understand the provisions of the Child Safeguarding Policy, the Code of Conduct and Local/Country Procedures. • Conduct themselves in accordance with the rules of the Child Safeguarding Policy, in their personal and professional lives – which includes reporting suspicions of child abuse. • Ensure the way they are carrying out their work is not putting children at risk (or further risk) – this means constantly scrutinizing their work through a child safeguarding lens and talking to children about possible design/implementation “flaws”. • Promote the message of child safeguarding to colleagues in other organizations and government ministries, children in their own and beneficiary families, and community members in general. • Be vigilant about observing possible child abuse/harm in their personal and professional lives. All managers have the above responsibilities as well as e",hnin.san@savethechildren.org,,SCI,,Protection & Social Work,1995,NGO,,,,https://themimu.info/jobs-for-myanmar-nationals,16-Jun-2026,
Intern (Admin/HR),Internship,,Less than 1 Year,Hpa An,Protection & Social Work,12-Jun-2026,18-Jun-2026,"The duties and responsibilities as set out above are not exhaustive and the role holder may be required to carry out additional duties within reasonableness of their level of skills and experience. Equal Opportunities The role holder is required to carry out the duties in accordance with the SCI Equal Opportunities and Diversity policies and procedures. Child Safeguarding: We need to keep children safe so our selection process, which includes rigorous background checks, reflects our commitment to the protection of children from abuse. All staff has an obligation and a responsibility to: • Ensure they fully understand the provisions of the Child Safeguarding Policy, the Code of Conduct and Local/Country Procedures. • Conduct themselves in accordance with the rules of the Child Safeguarding Policy, in their personal and professional lives – which includes reporting suspicions of child abuse. • Ensure the way they are carrying out their work is not putting children at risk (or further risk) – this means constantly scrutinizing their work through a child safeguarding lens and talking to children about possible design/implementation “flaws”. • Promote the message of child safeguarding to colleagues in other organizations and government ministries, children in their own and beneficiary families, and community members in general. • Be vigilant about observing possible child abuse/harm in their personal and professional lives. All managers have the above responsibilities as well as e",hnin.san@savethechildren.org,,SCI,,Protection & Social Work,1995,Government,,,,https://themimu.info/jobs-for-myanmar-nationals,18-Jun-2026,
Call for MSMEs,Consultancy / Contract,,,Yangon/Ayeyarwady,Finance & Accounting,12-Jun-2026,03-Jul-2026,"'Statement of Work' with clear deliverables or milestones and budget as well as contributions by both parties. • Contracting modality: Support will be formalized through a Cost Reimbursable Subaward, a subaward under which the subrecipient is paid based on actual incurred, allowable expenditures necessary for the implementation of subaward activities up to the amount obligated under the subaward. The following conditions will be applied: o Maximum award duration of 12 months o A Pre-Award Assessment will be conducted o Financial reporting required o Agreements will include flow-down of relevant donor policies o Agreements will include compliance with Mercy Corps’ Code of Conduct o Mercy Corps performs several due diligence steps to ensure the subrecipient has the capacity to comply with the terms of the subaward agreement, is free of conflicts of interest and is an eligible organization o Profit is not permitted in the subaward budget MC – YP – RFP – 009 / 26 2 o Donor-restricted goods will not be purchased under the subaward o Applicable tax requirements will be assessed and determined o The draft agreement is attached. Eligible Applicants: RFA is open to registered private sector companies, including agri-SMEs. Applicants must: • Legally registered. • Have existing operations in Bogale/Laputta or genuine intent to expand offerings into Bogale/Laputta. • Demonstrate financial and operational capability. • Commit to gender equality and inclusion. • Commit to environmental sus",ppaing@mercycorps.org,,Mercy Corps,,Finance & Accounting,,UN Agency,,,,https://themimu.info/jobs-for-myanmar-nationals,03-Jul-2026,"MMK 78,300,000"
National Security Support Officer,Full-time,,,Yangon,Security,12-Jun-2026,24-Jun-2026,,,,IOM,,Security,,,,,,https://themimu.info/jobs-for-myanmar-nationals,24-Jun-2026,
Logistics Officer,Volunteer,,1 - 2 Years,NayPyiTaw/Yangon,Logistics & Supply Chain,11-Jun-2026,25-Jun-2026,"Procurement 1. Carry out logistics and procurement processes under MRCS programmes in accordance with MRCS and donor standard procurement guidelines. 2. Maintain an updated local supplier database for frequently purchased items, monitor local market trends, and ensure all procured goods meet required quality standards and, where applicable, include proper certification. 3. Prepare and regularly update the procurement plan in coordination with the project and technical teams. 4. Collect quotations, prepare comparative bid analyses, and submit purchasing recommendations. Upon approval, procure goods and services following standard procedures. 5. Liaise with suppliers and service providers to ensure timely and quality delivery of goods and services in coordination with MRCS procurement and logistics teams. 6. Coordinate with internal stakeholders to ensure the timely delivery of supplies to distribution locations and communicate any delays or changes promptly. Transportation 7. Prepare and share weekly stock position and transportation status reports including logistics movement reports with relevant departments at headquarters. 8. Organize safe and efficient transportation of procured items to the affected people and areas, ensuring compliance with MRCS warehousing procedures before final distribution to affected people. 9. Plan and coordinate transport requirements, including MRCS-owned trucks and third-party trucking service providers and support the Senior Logistics Officer ",mrcshrrecruitment@redcross.org.mm,,MRCS,,Logistics & Supply Chain,,NGO,,"No.42, Strand Road",,https://themimu.info/jobs-for-myanmar-nationals,25-Jun-2026,
Field Officer,Volunteer,,1 - 2 Years,Sagaing,Administration & Operations,11-Jun-2026,18-Jun-2026,"of the quality of the complete work. 13. Capacity building of staff, RCVs and communities in programming and implementation of project activities. 14. To facilitate the support the establishment of a village level water repair and maintenance system in collaboration with the relevant stakeholders. 15. Act as the link between the project response and the affected population at community level. Ensure that project activities are implemented according to standardized methodologies, with the participatory approach – promoting inclusiveness, consultation, coordination and information-sharing to maximise the participation of stakeholders. 16. Provide on the job training to volunteers and conduct regular meetings with the volunteers and community committees. ""Person with disability are encouraged to apply this post as they will be given equal opportunity"" ""Our recruitment and selection procedures reflect our commitment to the safety and protection of children, and prevention of violence among communities’ members in our programs"" Humanity, Impartiality, Neutrality, Independence, Voluntary Service, Unity and Universality MRCS-IFRC-EA(Sagaing)/Field Officer for ERRO Team/Sagiang(11/6/26) Page 2 of 4 Myanmar Red Cross Society HR-VA No.077 – Field Officer 17. Work closely with MRCS Field Manager and Field Officer or, field team, volunteers and other relevant local authorities to establish, equip, train, and support the community in the target areas. 18. Carry out any other tasks assigne",mrcshrrecruitment@redcross.org.mm,,MRCS,,Administration & Operations,,NGO,,"No.42, Strand Road",,https://themimu.info/jobs-for-myanmar-nationals,18-Jun-2026,
