Job ID,Job URL,Job Title,Company Name,Status,Timestamp,WP ID
4878d7103beb007d,https://themimu.info/sites/themimu.info/files/jobs/P033_CARE_Admin_and_Finance_Officer_Yangon_28_June_2026.pdf,Admin and Finance Officer,CARE,posted,2026-06-17T14:04:55.131574,68.0
b8c18ec0fd4d95a5,https://themimu.info/sites/themimu.info/files/jobs/202606_COO_JVA_HR_Officer.pdf,HR Officer,Solidarites International,posted,2026-06-17T14:04:59.053495,69.0
e2271f88029f5392,https://themimu.info/sites/themimu.info/files/jobs/NSS-VA-DRC-ProtectionAssistant-15June2026.pdf,Protection Assistant - Response,DRC,posted,2026-06-17T14:05:02.268222,70.0
ce5fe1a8a69fa036,https://themimu.info/sites/themimu.info/files/jobs/ADRA_Myanmar_Job_Re-dvertisement_Civil_Engineering_Specialist_Deadline_30th_June_2026.pdf,Civil Engineering Specialist,ADRA Myanmar,posted,2026-06-17T14:05:05.345589,71.0
5c21c533e970fbfb,https://themimu.info/sites/themimu.info/files/jobs/TOR_-_Training_Coordinator_Building_Resilience_Project.pdf,Consultant-Training Coordinator for Building Resilience Project,CAM,posted,2026-06-17T14:05:07.852813,72.0
895f059f2c9e3aa0,https://themimu.info/sites/themimu.info/files/jobs/Call_for_Consultancy_Junior_Consultant.pdf,Individual Consultant - Data Analytics Support,UNESCO,posted,2026-06-17T14:05:11.528656,73.0
a995cbe5d8e08ba6,https://themimu.info/sites/themimu.info/files/jobs/Demand_GeneratorMagway-_Jun_26.pdf,Demand Generator (Magway),DKT Myanmar,posted,2026-06-17T14:05:14.582571,74.0
0b479ab9ada9baa5,https://themimu.info/sites/themimu.info/files/jobs/Demand_GeneratorMon-_Jun_26.pdf,Demand Generator,DKT Myanmar,posted,2026-06-17T14:05:17.002675,75.0
99d48f7b0465e874,https://themimu.info/sites/themimu.info/files/jobs/Demand_GeneratorMandalay-_Jun_26.pdf,Demand Generator,DKT Myanmar,posted,2026-06-17T14:05:20.592035,76.0
68b6e651dd4c1564,https://themimu.info/sites/themimu.info/files/jobs/JR50575_Field_Officer_Mandalay_22062026.pdf,Field Officer (Pool PNS Project),WVIM,posted,2026-06-17T14:05:24.774696,77.0
209a347fc3126edd,https://themimu.info/sites/themimu.info/files/jobs/AFA_JD_TB_HIV_Prevention_Project_Revised_0.pdf,Admin and Finance Assistant,MTSTM,posted,2026-06-17T14:05:27.191476,78.0
0675b21266dafd8b,https://themimu.info/sites/themimu.info/files/jobs/NSS-VA-DRC-ProtectionOfficer-15June2026.pdf,Protection Officer- Prevention,DRC,posted,2026-06-17T14:05:29.622853,79.0
2f5bca05fe0d0ad9,https://themimu.info/sites/themimu.info/files/jobs/RFP_010_26_GEDSI_Consultant_-_WAVE.pdf,GEDSI Consultant,Mercy Corps,posted,2026-06-17T14:05:34.173525,80.0
aaf09e544825669c,https://themimu.info/sites/themimu.info/files/jobs/JOB_ANNOUNCEMENT_FOR_HR_AND_ADMIN_COORDINATOR.pdf,HR & Admin Coordinator,KKEC,posted,2026-06-17T14:05:36.362478,81.0
28cc442f4534cdf0,https://themimu.info/sites/themimu.info/files/jobs/Finance_Manager_for_Multi-Sectors.pdf,Finance Manager,****,posted,2026-06-17T14:05:40.074627,82.0
83e6deb9c80014fd,https://themimu.info/sites/themimu.info/files/jobs/WHH_VA_WASH_Expert_Meiktila.pdf,WASH Expert,WHH,posted,2026-06-17T14:05:42.607289,83.0
948d31c4da3566f5,https://themimu.info/sites/themimu.info/files/jobs/ADRA_Myanmar_Job_Vacancy_Announcement_Health_Nutrition_Specialist_Yangon_Deadline_25th_June_2026.pdf,Health and Nutrition Specialist,ADRA Myanmar,posted,2026-06-17T14:05:44.837080,84.0
88c4ccef214b3b78,https://themimu.info/sites/themimu.info/files/jobs/VA_Tdh-044-2026_Finance_Project_Officer_Finance_Budget_MDY.pdf,Project Officer (Finance/Budget),Tdh-L,posted,2026-06-17T14:05:49.578006,85.0
5d1c0cfd4aed11a0,https://themimu.info/sites/themimu.info/files/jobs/MRCS_VA.No_.053.1_Emergency_WASH_Officer_12-6-2026_to_17-6-2026.pdf,Emergency WASH Officer,MRCS,posted,2026-06-17T14:05:51.809865,86.0
2aa096e52176efa6,https://themimu.info/sites/themimu.info/files/jobs/MRCS_VA_No.079_Foot_Unit_Worker_12-6-2026_to_26-6-2026.pdf,Foot Unit Worker,MRCS,posted,2026-06-17T14:05:54.051934,87.0
ad7801c27d3c2391,https://themimu.info/sites/themimu.info/files/jobs/VA_JR00003095Community_Health_Officer_Re-advertisement_DL_26_June26_0.pdf,Community Health Officer (Re-advertisement),IRC,posted,2026-06-17T14:05:57.168033,88.0
0b526555125680f8,https://themimu.info/sites/themimu.info/files/jobs/060-Human_Resource_Assistant_Part_Time.pdf,HR Assistant,MPG,posted,2026-06-17T14:06:01.693488,89.0
aa339446c712c564,https://themimu.info/sites/themimu.info/files/jobs/HEL-Vacancy_Announcement_Housekeepr_cum_Office_Assistant_CORE.pdf,Housekeeper cum Office Assistant,HELVETAS Myanmar,posted,2026-06-17T14:06:04.155521,90.0
29b10a0b27532a4e,https://themimu.info/sites/themimu.info/files/jobs/Finance_Assistant_Announcement_6-June-2026.pdf,Finance Assistant,MYS,posted,2026-06-17T14:06:06.514338,91.0
8df9cb518f4047c3,https://themimu.info/sites/themimu.info/files/jobs/VA-024_X_Ray-Tech_Dawei_Bago_and_AYY_End_TB_Reannouncement-June_2026.pdf,X-Ray Technician (Reannouncement),MHAA,posted,2026-06-17T14:06:09.330289,92.0
8c8e21472c3b026d,https://themimu.info/sites/themimu.info/files/jobs/VA-062_Project_Support_Assistant_Daily_Paid.pdf,Project Support Assistant (Daily Paid),MHAA,posted,2026-06-17T14:06:12.347606,93.0
1230c3b5598498e0,https://themimu.info/sites/themimu.info/files/jobs/VA-061-2026_PC_Khayan_ACE-TB.pdf,Project Coordinator,MHAA,posted,2026-06-17T14:06:15.929731,94.0
47e7d300e3726b03,https://themimu.info/sites/themimu.info/files/jobs/VA-060-PO_Field-based_Resource-limited_Setting_ACE-KKM-Kayin.pdf,Project Officer,MHAA,posted,2026-06-17T14:06:20.462052,95.0
04e89478a92cae9d,https://themimu.info/sites/themimu.info/files/jobs/VA-065_Assistant_ME_Manager_HQ.pdf,Assistant M&E Manager,MHAA,posted,2026-06-17T14:06:23.206151,96.0
72892bb9b51c5e4a,https://themimu.info/sites/themimu.info/files/jobs/Vacancy_Announcement_for_Branch_Manager_1.pdf,Branch Manager,BRAC,posted,2026-06-17T14:06:27.209980,97.0
00fbe9b1c2399046,https://themimu.info/sites/themimu.info/files/jobs/YGN-VA-DRC-FinanceOfficer-12June2026.pdf,Finance Officer – Accounting,DRC,posted,2026-06-17T14:06:30.621558,98.0
0fc0735eee1de1fd,https://themimu.info/sites/themimu.info/files/jobs/Vacancy_Announcement_for_Head_Finance.pdf,"Head, Finance",BRAC,posted,2026-06-17T14:06:34.114060,99.0
fc9d5cc19f316e8a,https://themimu.info/sites/themimu.info/files/jobs/MHDO_Vacancy_Announcement_Program_Coordinator.pdf,Program Coordinator,MHDO,posted,2026-06-17T14:06:36.819528,100.0
f97295359e488fce,,Finance Officer,GNI Myanmar,posted,2026-06-17T14:06:39.032788,101.0
298522f2e5e258a8,https://themimu.info/sites/themimu.info/files/jobs/058-Re-advertisement_Vacancy_Announcement_for_Nurse-Counsellor_Waingmaw_Kachin_State_0.pdf,Nurse-Counsellor (Re),AHRN,posted,2026-06-17T14:06:42.080531,102.0
e6d5de4753cd6047,https://themimu.info/sites/themimu.info/files/jobs/rev_VA_06_Programme_Manager.pdf,Programme Manager,TM,posted,2026-06-17T14:06:46.301244,103.0
06ed87d9e3aaab94,https://themimu.info/sites/themimu.info/files/jobs/VA_195_143_2026_CXRTechnicianAssistant_SCH_YRO.pdf,CXR Technician Assistant,SCH,posted,2026-06-17T14:06:48.499348,104.0
4c4b582399d4a096,https://themimu.info/sites/themimu.info/files/jobs/VA_194_122_2026_MobileDataAssistant_BagoKayin_SCH_YRO_Reannouncement.pdf,Data Assistant,SCH,posted,2026-06-17T14:06:51.183628,105.0
11f2815c25adff1e,https://themimu.info/sites/themimu.info/files/jobs/VA193_121_070_36_2026_Medical_Assistant_SCH_YRO_Reannouncement.pdf,Medical Assistant,SCH,posted,2026-06-17T14:06:54.553285,106.0
e66436900ae170dd,https://themimu.info/sites/themimu.info/files/jobs/VA_192_2026_096_2026_Team_Leader_SCH_YRO_Reannouncement.pdf,Team Leader,SCH,posted,2026-06-17T14:06:57.941528,107.0
98413576dce5418d,https://themimu.info/sites/themimu.info/files/jobs/VA_191_177_103_2026_Community_Mobilizer_BagoTgo_SCH_YRO_Reannouncement.pdf,Community Mobilizer,SCH,posted,2026-06-17T14:07:00.789154,108.0
80e95d2acc755f0e,https://themimu.info/sites/themimu.info/files/jobs/VA_190_2026_PC_2_Yangon_SCH_YRO_Reannounement.pdf,Project Coordinator,SCH,posted,2026-06-17T14:07:04.195013,109.0
84cb45e292607354,https://themimu.info/sites/themimu.info/files/jobs/VA_189_2026_Community_Mobilizer_Kathar_SCH_MRO.pdf,Community Mobilizer,SCH,posted,2026-06-17T14:07:06.459251,110.0
8f7b8142f3d82a13,https://themimu.info/sites/themimu.info/files/jobs/067_2026-_Announcement_for_Domestic_Muse_LPK.pdf,Domestic,Lan Pya Kyel,posted,2026-06-17T14:07:08.808035,111.0
da37a925c9f84def,https://themimu.info/sites/themimu.info/files/jobs/SCI_Finance_Intern_-_16_Jun_2026.pdf,Intern (Finance),SCI,posted,2026-06-17T14:07:12.640279,112.0
0f196e86349a7878,https://themimu.info/sites/themimu.info/files/jobs/Vacancy_Announcement_Admin_HR_Intern_18_Jun.pdf,Intern (Admin/HR),SCI,posted,2026-06-17T14:07:14.883126,113.0
4926a2ac0b6260ea,https://themimu.info/sites/themimu.info/files/jobs/Call_for_MSMEs_RFA_009_26.pdf,Call for MSMEs,Mercy Corps,posted,2026-06-17T14:07:17.934475,114.0
bd6027d4048e8fc0,,National Security Support Officer,IOM,posted,2026-06-17T14:07:21.229229,115.0
be6d253702a83e3a,https://themimu.info/sites/themimu.info/files/jobs/MRCS_VA._078_Logistics_Officer_11-6-2026_to_25-6-2026.pdf,Logistics Officer,MRCS,posted,2026-06-17T14:07:24.743638,116.0
665a3522b358b85f,https://themimu.info/sites/themimu.info/files/jobs/MRCS_VA._077_Field_Officer_Sagaing_11-6-2026_to_18-6-2026.pdf,Field Officer,MRCS,posted,2026-06-17T14:07:28.191651,117.0
3b363fbb9c525ad9,https://themimu.info/sites/themimu.info/files/jobs/ToR_Business_Plan_Development_Consultancy.pdf,,,posted,2026-06-18T04:03:55.583241,276.0
6183058f1c016cd3,https://themimu.info/sites/themimu.info/files/jobs/17.06.2026_CFMM_CFN_Vacancy_Finance_Officer.pdf,,,posted,2026-06-18T04:03:57.305269,277.0
94f91b7a9591900c,https://themimu.info/sites/themimu.info/files/jobs/070_2026-_Announcement_for_Community_Outreach_Organizer_-_FSW_Lashio-LPK_Re-announcement.pdf,,,posted,2026-06-18T04:03:58.982101,278.0
d2ab40c402f639bc,https://themimu.info/sites/themimu.info/files/jobs/069_2026-_Announcement_for_Medical_Officer_Lashio-LPK_Re-announcement.pdf,,,posted,2026-06-18T04:04:00.690693,279.0
3aa8391e3a60611d,https://themimu.info/sites/themimu.info/files/jobs/068_2026-_Announcement_for_Medical_Officer_Bago_LPK_Re-announcement.pdf,,,posted,2026-06-18T04:04:02.611940,280.0
f19b16374d86896a,https://themimu.info/sites/themimu.info/files/jobs/JD_-_SPO_-_Emergency_Response_and_Recovery_-_June_2026-6.pdf,,,posted,2026-06-18T04:04:04.435481,281.0
dcd4f850146eb14e,https://themimu.info/sites/themimu.info/files/jobs/JD_-_Technical_Associate_II_-_Engineer-2.pdf,,,posted,2026-06-18T04:04:06.284959,282.0
7507badd6a312fd8,https://themimu.info/sites/themimu.info/files/jobs/Vacancy_Announcement_Safe_House_Supervisor_AFXB_Myanmar.pdf,,,posted,2026-06-18T04:04:08.152985,283.0
579829816434ef4d,https://themimu.info/sites/themimu.info/files/jobs/VA-067-FA_Pakokku_End-TB_0.pdf,,,posted,2026-06-18T04:04:10.001249,284.0
6da42d7a0e491ee5,https://themimu.info/sites/themimu.info/files/jobs/VA-011-2026_CM_Multiple_IHN_Reannouncement_June_2026.pdf,,,posted,2026-06-18T04:04:11.879993,285.0
a822cde0ad2a23ee,https://themimu.info/sites/themimu.info/files/jobs/VA-069-FO_Field-based_Resource-limited_Setting_ACE-KKM.pdf,,,posted,2026-06-18T04:04:13.730398,286.0
12e4a8543d99285f,https://themimu.info/sites/themimu.info/files/jobs/VA-068-MEC_Field-based_Resource-limited_Setting_ACE-KKM.pdf,,,posted,2026-06-18T04:04:15.581316,287.0
af389c091e5d3335,https://themimu.info/sites/themimu.info/files/jobs/Project_Coordinator_YeUYedashaeWundwin_End-TB.pdf,,,posted,2026-06-18T04:04:17.278012,288.0
a2830108187fbad1,https://themimu.info/sites/themimu.info/files/jobs/VA-030-2026_MO_Field-based_Resource-limited_Setting_ACE-KKM_Reannouncement_June_2026.pdf,,,posted,2026-06-18T04:04:19.002776,289.0
aaff669aad665f00,https://themimu.info/sites/themimu.info/files/jobs/SH26061703_Community_Health_Worker.pdf,,,posted,2026-06-18T04:04:20.723750,290.0
b45bb5f7197ca19b,https://themimu.info/sites/themimu.info/files/jobs/Vacancy_Announcement_0.pdf,,,posted,2026-06-18T04:04:22.418180,291.0
e17645b5dd704f5c,https://themimu.info/sites/themimu.info/files/jobs/Economic_Generalist_Field_Officer_32647_External.pdf,,,posted,2026-06-18T04:04:24.212533,292.0
5fbdb388cd198b18,https://themimu.info/sites/themimu.info/files/jobs/ADRA_Myanmar_Job_Vacancy_Announcement_Marketing_and_Livelihood_Assistant_Hpa-an_Deadline_24th_June_2026.pdf,,,posted,2026-06-18T04:04:26.086841,293.0
8cef87e156a4a89b,https://themimu.info/sites/themimu.info/files/jobs/Enumerators_Professional_Myanmar_VA.pdf,,,posted,2026-06-18T04:04:27.805395,294.0
fca32fb58dd7d181,https://themimu.info/sites/themimu.info/files/jobs/VA00018COO_Grants_Officer_17062026_FV.pdf,,,posted,2026-06-18T04:04:29.654085,295.0
5ce1317615fab975,https://themimu.info/sites/themimu.info/files/jobs/VA_0067_2026_Team_Leader_Mon_16062026.pdf,,,posted,2026-06-18T04:04:31.312636,296.0
c2d9800afb3a14a3,https://themimu.info/sites/themimu.info/files/jobs/TOR_-_Training_Coordinator_Building_Resilience_Project_Edit.pdf,,,posted,2026-06-18T04:04:32.984609,297.0
e7ab52c96a650fec,https://themimu.info/sites/themimu.info/files/jobs/SDC_Audit_TOR_and_Annex.pdf,,,posted,2026-06-18T04:04:34.659881,298.0
980ff8183c2a404c,https://themimu.info/sites/themimu.info/files/jobs/STW-VA-DRC-ShelterandSettlementOfficer-17June2026.pdf,,,posted,2026-06-18T04:04:36.301817,299.0
76c69d218ab1483f,https://themimu.info/sites/themimu.info/files/jobs/HEL_VA_Project_Implementation_and_ME_Officer_PRET-061726.pdf,,,posted,2026-06-18T04:04:37.959910,300.0
96948f03e4ad509b,https://themimu.info/sites/themimu.info/files/jobs/DKL-HR-VA-2026-001-Livelihood_Specialist.pdf,,,posted,2026-06-18T04:04:39.630344,301.0
943a3c3aa35e52a4,https://themimu.info/sites/themimu.info/files/jobs/NAG-HR-VA-2026-0006-OfficeDriver.pdf,,,posted,2026-06-18T04:04:41.272302,302.0
84553530eb60eca4,https://themimu.info/sites/themimu.info/files/jobs/VA_Tdh-045-2026_Nutrition_Project_Officer_HTY_YGN.pdf,,,posted,2026-06-18T04:04:42.939851,303.0
4fccdeee971a6032,https://themimu.info/sites/themimu.info/files/jobs/MRCS_VA._080_Logistics_Officer_16-6-2026_to_23-6-2026.pdf,,,posted,2026-06-18T04:04:44.955990,304.0
be088926575b45d1,https://themimu.info/sites/themimu.info/files/jobs/VA_199_2026_182_2026_Community_Mobilizer_Bokepyin_SCH_MyeikFieldOffice_Reannouncement.pdf,,,posted,2026-06-18T04:04:46.705816,305.0
89ee001f078ac465,https://themimu.info/sites/themimu.info/files/jobs/VA_198_2026_PC_Pyinmana_SCH_YRO.pdf,,,posted,2026-06-18T04:04:48.471142,306.0
47dbcdffc93c4c63,https://themimu.info/sites/themimu.info/files/jobs/VA_197_2026_Community_Coordinator_Pyimana_SCH_MRO.pdf,,,posted,2026-06-18T04:04:50.392932,307.0
275b734e09c89c37,https://themimu.info/sites/themimu.info/files/jobs/VA_196_2026_188-2026_Officer_SBCC_SCH_NHQ_Reannouncement.pdf,,,posted,2026-06-18T04:04:52.179359,308.0
ce25894298237111,https://themimu.info/sites/themimu.info/files/jobs/VA_191_177_103_2026_Community_Mobilizer_Pyay_Taungoo_SCH_YRO_Reannouncement_revised.pdf,,,posted,2026-06-18T04:04:53.854216,309.0
505b4f669c34aef8,https://themimu.info/sites/themimu.info/files/jobs/Participatory_Irrigation_Management_Specialist_2601277.pdf,,,posted,2026-06-18T04:04:55.955006,310.0
e67863dbc89a139d,https://themimu.info/sites/themimu.info/files/jobs/SCI_Nutrition_Cluster_Co-Coordinator_Sittwe_26_July_2026.pdf,,,posted,2026-06-18T04:04:58.162199,311.0
2705e7cf19416ec4,https://themimu.info/sites/themimu.info/files/jobs/JVR202611_Senior_WASH_Officer_0.pdf,,,posted,2026-06-18T04:04:59.997844,312.0
562f3d6454f51616,https://themimu.info/sites/themimu.info/files/jobs/MC_VA_0110626_MEL_and_Com_Officer_SL.pdf,,,posted,2026-06-18T04:05:01.955649,313.0
55c7a48d1d4b90ec,https://themimu.info/sites/themimu.info/files/jobs/JVY202605_Partnership_Grants_Officer.pdf,,,posted,2026-06-18T04:05:03.861480,314.0
72417a6af76e6c26,https://themimu.info/sites/themimu.info/files/jobs/062-Re-advertisement_Vacancy_Announcement_for_Finance_Assistant_Data_Entry_Yangon.pdf,,,posted,2026-06-18T04:05:05.705757,315.0
8150d29af97d8559,https://themimu.info/sites/themimu.info/files/jobs/2026.06.12_People_and_Culture_Manager.pdf,,,posted,2026-06-18T04:05:07.489460,316.0
6bee4fd67330a28f,https://themimu.info/sites/themimu.info/files/jobs/VA-2026-HI-021_Data_Entry_Clerk_Hpa_An.pdf,,,posted,2026-06-18T04:05:09.429518,317.0
6b312bcc7c121f35,https://themimu.info/sites/themimu.info/files/jobs/06162026_VA_Admin_and_HR_Assistant_YCDN_0.pdf,,,posted,2026-06-18T04:05:11.131774,318.0
9004d3512cea7970,https://themimu.info/sites/themimu.info/files/jobs/06162026_VA_Finance_assistant_YCDN_0.pdf,,,posted,2026-06-18T04:05:12.835177,319.0
80aad33d49b22c23,https://themimu.info/sites/themimu.info/files/jobs/06162026_VA_Finance_Officer_Rakhine_YCDN_0.pdf,,,posted,2026-06-18T04:05:14.672776,320.0
ab78fd49fb3a619f,https://themimu.info/sites/themimu.info/files/jobs/06162026_VA_Finance_Officer_Yangon_YCDN_0.pdf,,,posted,2026-06-18T04:05:16.721190,321.0
967db23dedfce813,https://themimu.info/sites/themimu.info/files/jobs/Vacancy_Re-Announcement_Sr._ME_coordinator.pdf,,,posted,2026-06-18T04:05:18.609768,322.0
9a7d933afd88f56d,https://themimu.info/sites/themimu.info/files/jobs/CVA_04_2026_Field_Documentation_Assistant.pdf,,,posted,2026-06-18T04:05:20.406524,323.0
26edf4b48d88e42b,https://themimu.info/sites/themimu.info/files/jobs/VA_Data_Operations_Officer_Yangon_0082026.pdf,,,posted,2026-06-18T04:05:22.032012,324.0
7d597179bb72ca29,https://themimu.info/sites/themimu.info/files/jobs/VACANCY_ANNOUNCEMENT_28_Engineer.pdf,,,posted,2026-06-18T04:05:23.842834,325.0
0e951760e6fd4e77,https://themimu.info/sites/themimu.info/files/jobs/Acted_Vacancy_Announcement_MEAL_OfficerYGN.pdf,,,posted,2026-06-18T04:05:25.575680,326.0
68286597f6192b8d,https://themimu.info/sites/themimu.info/files/jobs/Legal_Officer_32572_External_0.pdf,,,posted,2026-06-18T04:05:27.396002,327.0
c5eff9fb9c16d1df,https://themimu.info/sites/themimu.info/files/jobs/ToR_for_CSA_001.pdf,,,posted,2026-06-18T04:05:29.094811,328.0
cf1a11d75bd8351b,https://themimu.info/sites/themimu.info/files/jobs/HO_Accountant_-_HOre-an.pdf,,,posted,2026-06-18T04:05:30.821985,329.0
dba2aaccbb48d5e2,https://themimu.info/sites/themimu.info/files/jobs/Internal_Auditor_YGN_or_Lower_Myanmar_Re_announce.pdf,,,posted,2026-06-18T04:05:32.478482,330.0
731d9c7fae1528cc,https://themimu.info/sites/themimu.info/files/jobs/MRCS_VA._076_Field_Officer_WASH_Nyaung_Shwe_11-6-2026_to_18-6-2026.pdf,,,posted,2026-06-18T04:05:34.168196,331.0
14b0102d54aec51d,https://themimu.info/sites/themimu.info/files/jobs/MRCS_VA._075_MHPSS_Officer_11-5-2026_to_18-6-2026.pdf,,,posted,2026-06-18T04:05:35.861906,332.0
61e19cb533dba6ea,https://themimu.info/sites/themimu.info/files/jobs/VA-2026-HI-020_Driver_Hpa_An.pdf,,,posted,2026-06-18T04:05:37.706784,333.0
ec4c434148881524,https://themimu.info/sites/themimu.info/files/jobs/Field_Project_Associate_IUCN_Myanmar.pdf,,,posted,2026-06-18T04:05:39.407994,334.0
7976e513eb4aacca,https://themimu.info/sites/themimu.info/files/jobs/Environmental_and_Climate_Change_Specialist_32530_External.pdf,,,posted,2026-06-18T04:05:41.280078,335.0
e0ed6e5775f9e5df,https://themimu.info/sites/themimu.info/files/jobs/061-Re-advertisement_Vacancy_Announcement_for_X-ray_Technician_Mohnyin_Kachin_State.pdf,,,posted,2026-06-18T04:05:43.336551,336.0
a5d4c29ad8fe5c92,https://themimu.info/sites/themimu.info/files/jobs/Project_Data_Entry_focal.pdf,,,posted,2026-06-18T04:05:45.092609,337.0
1eb36863540a60fc,https://themimu.info/sites/themimu.info/files/jobs/HR_O3_TVET_Coordinator_JD_0.pdf,,,posted,2026-06-18T04:05:46.816012,338.0
dea5c6ece73dd668,https://themimu.info/sites/themimu.info/files/jobs/ADRA_Myanmar_Job_Vacancy_Announcement_Finance_Coordinator_Deadline_June_18_2026_adjusted.pdf,,,posted,2026-06-18T04:05:48.593068,339.0
66d6c2aa3ddf3fe3,https://themimu.info/sites/themimu.info/files/jobs/RI_VA_-Medical_Officer_Shan_State-19_June_26.pdf,,,posted,2026-06-18T04:05:50.569788,340.0
c1d62a12296550a2,https://themimu.info/sites/themimu.info/files/jobs/VA_Field_Coordinator.pdf,,,posted,2026-06-18T04:05:52.230734,341.0
315601d879b2c403,https://themimu.info/sites/themimu.info/files/jobs/AMCHAM_CSR_Program_Officer_Job_Description_final.pdf,,,posted,2026-06-18T04:05:54.185158,342.0
d502dd1de0051f0f,https://themimu.info/sites/themimu.info/files/jobs/MRCS_VA.073_Driver_10-6-2026_to_24-6-2026.pdf,,,posted,2026-06-18T04:05:56.000010,343.0
82469963f3655493,https://themimu.info/sites/themimu.info/files/jobs/MRCS_VA._072_Training_Officer_IFRC_10-6-2026_to_24-6-2026.pdf,,,posted,2026-06-18T04:05:57.711700,344.0
48d686678609221d,https://themimu.info/sites/themimu.info/files/jobs/MRCS_VA.071_Clerk_-_1_10-6-2026_to_24-6-2026.pdf,,,posted,2026-06-18T04:05:59.370030,345.0
afcdde7d3a9f8a86,https://themimu.info/sites/themimu.info/files/jobs/VA_Education_Manager.pdf,,,posted,2026-06-18T04:06:01.241160,346.0
a9f08f395dbfcb34,https://themimu.info/sites/themimu.info/files/jobs/VA_JR00003242_Sr._WASH_Officer_-_DL_23_June26.pdf,,,posted,2026-06-18T04:06:02.922743,347.0
46af085c548fdfb9,https://themimu.info/sites/themimu.info/files/jobs/Security_Safety_Officer32529_External.pdf,,,posted,2026-06-18T04:06:04.862812,348.0
b258638df33cdcd8,https://themimu.info/sites/themimu.info/files/jobs/016_06102026_PGK_Township_Prevention_Supervisor_Southern_Yangon.pdf,,,posted,2026-06-18T04:06:06.473697,349.0
55038489c54d2e70,https://themimu.info/sites/themimu.info/files/jobs/10062026_Vacancy_Announcement_Programme_Officer.pdf,,,posted,2026-06-18T04:06:08.198891,350.0
3e91f1b93c27cd5b,https://themimu.info/sites/themimu.info/files/jobs/060-Re-advertisement_Vacancy_Announcement_for_X-ray_Technician_Homalin_Sagaing_Region.pdf,,,posted,2026-06-18T04:06:09.825521,351.0
e46b2e2070f74926,https://themimu.info/sites/themimu.info/files/jobs/059-Re-advertisement_Vacancy_Announcement_for_Nurse_MMT-ART_Homalin_Sagaing_Region.pdf,,,posted,2026-06-18T04:06:11.494050,352.0
05db088943d1a393,https://themimu.info/sites/themimu.info/files/jobs/019-Re-advertisement_-BS-Vacancy_announcement_for_Nurse-Counsellor_Tamu_Sagaing_Region.pdf,,,posted,2026-06-18T04:06:13.088924,353.0
f81fbbd01cb05daa,https://themimu.info/sites/themimu.info/files/jobs/JVY202604_Senior_HR_Officer.pdf,,,posted,2026-06-18T04:06:14.767962,354.0
1a6b36a8a3154d92,https://themimu.info/sites/themimu.info/files/jobs/JVY202603_Supply_Chain_Manager.pdf,,,posted,2026-06-18T04:06:16.527777,355.0
36f2c9ece78d84de,https://themimu.info/sites/themimu.info/files/jobs/JVY202602_Grants_Finance_Manager.pdf,,,posted,2026-06-18T04:06:18.467438,356.0
c1a8123da4aef2cf,https://themimu.info/sites/themimu.info/files/jobs/IRC_JR00003724_Community_Mobilization_Officer_MKN_DL_21_June26.pdf,,,posted,2026-06-18T04:06:20.263714,357.0
6c64091dd96132a0,https://themimu.info/sites/themimu.info/files/jobs/IRC_JR00003723_Education_Officer_LSH_DL_21_June26.pdf,,,posted,2026-06-18T04:06:21.978904,358.0
9775a3b7f106020c,https://themimu.info/sites/themimu.info/files/jobs/STW-VA-DRC-EconomicRecAssistant-10June2026.pdf,,,posted,2026-06-18T04:06:23.710840,359.0
82c5e09528a9f9c1,https://themimu.info/sites/themimu.info/files/jobs/STW-VA-DRC-HMAOfficer-10June2026.pdf,,,posted,2026-06-18T04:06:25.561640,360.0
a02b9c6e8ce072e2,https://themimu.info/sites/themimu.info/files/jobs/Acted_Vacancy_Announcement_Translator_and_Videographer_Re-advertisement.pdf,,,posted,2026-06-18T04:06:27.505954,361.0
4f9149e4a1feb317,https://themimu.info/sites/themimu.info/files/jobs/057-Re-advertisement_Vacancy_Announcement_for_Nurse-Counsellor_Lone_Khin_Kachin_State.pdf,,,posted,2026-06-18T04:06:29.283336,362.0
3797ae597f1db0b7,https://themimu.info/sites/themimu.info/files/jobs/056-Re-advertisement_Vacancy_Announcement_for_Nurse_In_Charge_Lone_Khin_Kachin_State.pdf,,,posted,2026-06-18T04:06:31.006967,363.0
d81c3ba80896664f,https://themimu.info/sites/themimu.info/files/jobs/STW-VA-DRC-ShelterSettlementAssistant-9June2026.pdf,,,posted,2026-06-18T04:06:32.835331,364.0
948a25fe3e91c7b9,https://themimu.info/sites/themimu.info/files/jobs/STW-VA-DRC-ShelterSettlementOffficer-9June2026.pdf,,,posted,2026-06-18T04:06:34.650506,365.0
3063c4d6e1bac600,https://themimu.info/sites/themimu.info/files/jobs/Accountant_For_ECEC_Project-2026.pdf,,,posted,2026-06-18T04:06:36.620893,366.0
47c74ef7e7fdddb8,https://themimu.info/sites/themimu.info/files/jobs/VA_0066_2026_Nurse_Health_Educator_Yangon_04062026.pdf,,,posted,2026-06-18T04:06:38.310778,367.0
f409c7774a70b0dc,https://themimu.info/sites/themimu.info/files/jobs/RI_VA-Field_Finance_Coordinator-TaunggyiShan_State_22_June_26_1.pdf,,,posted,2026-06-18T04:06:40.059364,368.0
b4bdd2c5eb54e776,https://themimu.info/sites/themimu.info/files/jobs/P032_CARE_Project_Specialist_Yangon_21_June_2026_rolling.pdf,,,posted,2026-06-18T04:06:41.765456,369.0
1b99ba7453fdcc4f,https://themimu.info/sites/themimu.info/files/jobs/P031_CARE_Consortium_Program_Manager_Yangon_21_June_2026_rolling.pdf,,,posted,2026-06-18T04:06:43.430792,370.0
7472d44ff555261f,https://themimu.info/sites/themimu.info/files/jobs/018-BS-Vacancy_announcement_for_Nurse-Counsellor_Shar_Du_ZutHpakant_Township_Kachin_State.pdf,,,posted,2026-06-18T04:06:45.419071,371.0
4bea571f0f9b2b0c,https://themimu.info/sites/themimu.info/files/jobs/066_2026-_Announcement_for_Domestic_Lashio-LPK_Re-announcement.pdf,,,posted,2026-06-18T04:06:47.234774,372.0
9e50b62647d7bd3c,https://themimu.info/sites/themimu.info/files/jobs/Helvetas_Vacancy_-Technical_Expert-WASH_Shelter-EWSR_final.pdf,,,posted,2026-06-18T04:06:49.078679,373.0
2854f6cbe50d2f4d,https://themimu.info/sites/themimu.info/files/jobs/MSI_Reproductive_Choices_Myanmar_Mobile_Nurse_Maubin_Mahaaungmyay_HANS_22nd_June_2026.pdf,,,posted,2026-06-18T04:06:50.828402,374.0
a01025078b8768da,https://themimu.info/sites/themimu.info/files/jobs/IRC_JR00003692_Senior_Protection_Officer_MKN_DL_19_June_26.docx.pdf,,,posted,2026-06-18T04:06:52.529581,375.0
1a752c65e7ca393c,https://themimu.info/sites/themimu.info/files/jobs/06062026_VA_Senior_Logistics_Officer_0.pdf,,,posted,2026-06-18T04:06:54.196554,376.0
eb9514de57839a7f,https://themimu.info/sites/themimu.info/files/jobs/06062026_VA_Finance_Assistant.pdf,,,posted,2026-06-18T04:06:56.068833,377.0
1cc4efca6a1f5ec4,https://themimu.info/sites/themimu.info/files/jobs/06062026_VA_MEAL_Assistant.pdf,,,posted,2026-06-18T04:06:57.886542,378.0
9158ffc7241eb5ef,https://themimu.info/sites/themimu.info/files/jobs/Vacancy_Announcement.pdf,,,posted,2026-06-18T04:06:59.824495,379.0
35b29a5fd685238b,https://themimu.info/sites/themimu.info/files/jobs/Administrative_Manager.pdf,,,posted,2026-06-18T04:07:01.698386,380.0
de12fc05fb92505a,https://themimu.info/sites/themimu.info/files/jobs/MRCS_VA._030.6.25_Medical_Doctor_Coordinator_5-6-2026_to_19-6-2026.pdf,,,posted,2026-06-18T04:07:03.699332,381.0
1a2148ca6ec06e1b,https://themimu.info/sites/themimu.info/files/jobs/Vacancy_Annoucement-_Protection_Assistant-_Response.pdf,,,posted,2026-06-18T04:07:05.541861,382.0
bd9705809537dd3f,https://themimu.info/sites/themimu.info/files/jobs/Vacancy_Annoucement-_Protection_Assistant.pdf,,,posted,2026-06-18T04:07:07.691231,383.0
42ed3fbdbdfbefee,https://themimu.info/sites/themimu.info/files/jobs/Protection_Officer-Community_Based_Protection.pdf,,,posted,2026-06-18T04:07:09.537024,384.0
2c55b86c24543590,https://themimu.info/sites/themimu.info/files/jobs/WASH.pdf,,,posted,2026-06-18T04:07:11.433843,385.0
c481a617cfd9ae51,https://themimu.info/sites/themimu.info/files/jobs/Child_Protection.pdf,,,posted,2026-06-18T04:07:13.163642,386.0
8fce89b128a686db,https://themimu.info/sites/themimu.info/files/jobs/VA_Finance_Officer_Rakhine_3_Posts_06_June_2026.pdf,,,posted,2026-06-18T04:07:15.003208,387.0
74f47641fd13a5d8,https://themimu.info/sites/themimu.info/files/jobs/202606_COO_JVA_EC_Manager.pdf,,,posted,2026-06-18T04:07:16.802655,388.0
d49706bde4eea6e4,https://themimu.info/sites/themimu.info/files/jobs/VA_0065_2026_Operations_Officer_Yangon_04062026.pdf,,,posted,2026-06-18T04:07:18.504852,389.0
45b65702ac38ad4a,https://themimu.info/sites/themimu.info/files/jobs/Community_Health_Facilitator_Job_Announcement_in_Myanmar_Peoples_Hope_Japan_20260604.pdf,,,posted,2026-06-18T04:07:20.310961,390.0
bc59183b0e4ff3b0,https://themimu.info/sites/themimu.info/files/jobs/VA_187_2026_Community_Coordinator_BagoEast_SCH_YRO.pdf,,,posted,2026-06-18T04:07:22.292485,391.0
c9be958b664e8254,https://themimu.info/sites/themimu.info/files/jobs/VA_186_2026_PC_Kayin_SCH_YRO.pdf,,,posted,2026-06-18T04:07:24.134909,392.0
1a3cb90a06fb7c03,https://themimu.info/sites/themimu.info/files/jobs/VA_185_2026_Community_Mobilizer_Kayin_Kawkareik_YRO.pdf,,,posted,2026-06-18T04:07:25.855828,393.0
d17e1da74d304156,https://themimu.info/sites/themimu.info/files/jobs/MRCS_VA._002_Finance_Officer_04-06-2026_to_18-06-2026_Kengtung.pdf,,,posted,2026-06-18T04:07:27.618786,394.0
d558598f7ad48dc1,https://themimu.info/sites/themimu.info/files/jobs/MRCS_VA._001_Night_Guard_04-06-2026_to_18-06-2026_Kengtung.pdf,,,posted,2026-06-18T04:07:29.268194,395.0
d16dd75ee7e957d0,https://themimu.info/sites/themimu.info/files/jobs/MSI_Center_In-Charge_Magway_18th_June_2026.pdf,,,posted,2026-06-18T04:07:30.967972,396.0
8a618424ea0b847d,https://themimu.info/sites/themimu.info/files/jobs/SCI_Sr._Safeguarding_OfficerSittwe_18_June_2026.pdf,,,posted,2026-06-18T04:07:32.709160,397.0
26f3e07a0e8de7e7,https://themimu.info/sites/themimu.info/files/jobs/260619_VA-Prevention-GF_CMO_24-26_YMT_Eng.pdf,,,posted,2026-06-18T04:07:34.331202,398.0
51816da9ce111da1,https://themimu.info/sites/themimu.info/files/jobs/017-Re-advertisement_-BS-Vacancy_announcement_for_Nurse-Counsellor_Mawlaik_Sagaing_Region.pdf,,,posted,2026-06-18T04:07:35.931173,399.0
a75f6cd4a74aee8f,https://themimu.info/sites/themimu.info/files/jobs/VA00017KYN_Senior_Medical_Officer_03062026.pdf,,,posted,2026-06-18T04:07:37.866428,400.0
8f9fbadd92a21d1c,https://themimu.info/sites/themimu.info/files/jobs/ToR_for_Proposal_Development_Consultant.pdf,,,posted,2026-06-18T04:07:39.678620,401.0
97a103ba645cb3ee,https://themimu.info/sites/themimu.info/files/jobs/Call_for_EOI_-_AdminHRFinance_Logistics_Guideline_Development.pdf,,,posted,2026-06-18T04:07:41.440383,402.0
d3beaaea365863b3,https://themimu.info/sites/themimu.info/files/jobs/Call_for_EOI_-_Governance_Guide_Development.pdf,,,posted,2026-06-18T04:07:43.504914,403.0
5ce2a2f79dfcddfc,https://themimu.info/sites/themimu.info/files/jobs/Call_for_EOI_-_MEAL_Guideline_Development.pdf,,,posted,2026-06-18T04:07:45.265285,404.0
dae5069b2b48d15c,https://themimu.info/sites/themimu.info/files/jobs/047-MEAL_Officer.pdf,,,posted,2026-06-18T04:07:47.024800,405.0
54232b4caa330b37,https://themimu.info/sites/themimu.info/files/jobs/048-MEAL_Assistant.pdf,,,posted,2026-06-18T04:07:48.913618,406.0
471c20bc00253365,https://themimu.info/sites/themimu.info/files/jobs/Finance_Officer32663_SIT_VA.pdf,,,skipped|empty title,2026-06-18T12:49:10.795600,
8c755d03ad3b1181,https://themimu.info/sites/themimu.info/files/jobs/Job_Announcement_for_Finance_Officer_June_2026.pdf,,,skipped|junk fragment title ('Summary'),2026-06-18T12:49:10.798845,
bc03261eb3b83e92,https://themimu.info/sites/themimu.info/files/jobs/Clinic_Team_Leader.pdf,,,posted,2026-06-18T12:51:34.280336,433.0
b8bf0619d64ebe83,https://themimu.info/sites/themimu.info/files/jobs/Re-Announce_VA-006_Project_Coordinator_Yangon_2July2026.pdf,,,posted,2026-06-18T12:51:35.744272,434.0
4bea3020ae3f9eb3,https://themimu.info/sites/themimu.info/files/jobs/2026.06_Assistant_Finance_Manager_Yangon_VA_Jun_2026.pdf,,,posted,2026-06-18T12:51:37.510661,435.0
65111cb2ceb1d20f,https://themimu.info/sites/themimu.info/files/jobs/Short-Term_Consultant_for_Irrigation_Activity.pdf,,,skipped|empty title,2026-06-18T12:50:08.402050,
01a5547170d10a08,https://themimu.info/sites/themimu.info/files/jobs/VA_Tdh-046-2026_SPARC_Project_Officer_TGO.pdf,,,posted,2026-06-18T12:51:39.094193,436.0
8f04b5ff626a129a,https://themimu.info/sites/themimu.info/files/jobs/-_Standard_JD_Template_Integrated_Marcooms_Manager_.pdf,,,skipped|empty title,2026-06-18T12:50:25.597804,
776b5e01e87fee1e,https://themimu.info/sites/themimu.info/files/jobs/MSI_Reproductive_Choices_Myanmar_Center_Nurse_Magway_2nd_July_2026.pdf,,,posted,2026-06-18T12:51:40.577282,437.0
b49c0a7676fbbdf6,https://themimu.info/sites/themimu.info/files/jobs/Job_Description_Associate_Curriculum_Design.pdf,,,posted,2026-06-18T12:51:42.186034,438.0
55aae24823bcbbe3,https://themimu.info/sites/themimu.info/files/jobs/VA_Engineer_YCDN_-_Copy.pdf,,,skipped|junk fragment title ('Summary'),2026-06-18T12:51:15.955277,
e0bde8c6507062f9,https://themimu.info/sites/themimu.info/files/jobs/ADRA_Myanmar_Job_Advertisement_Marketing_and_Livelihood_Assistant_Deadline_24_June_2026.pdf,,,posted,2026-06-18T12:51:43.809961,439.0
